"SampleType","LabNum","LabId","CeramideName","Protocol","LC","MassAnalyzerType","MassAnalyzerResolution","ConcSinglePoint","Outlier"
"SRM",1,"02b","Cer 18:1;O2/16:0","SOP","RP","QQQ","LowRes",0.3708839937275656,FALSE
"SRM",2,"03","Cer 18:1;O2/16:0","OTHER","RP","QQQ","LowRes",0.36204636402528106,FALSE
"SRM",3,"04","Cer 18:1;O2/16:0","SOP","RP","QQQ","LowRes",0.32715526241543247,FALSE
"SRM",4,"05","Cer 18:1;O2/16:0","OTHER","RP","QQQ","LowRes",0.36957400766802684,FALSE
"SRM",5,"07","Cer 18:1;O2/16:0","OTHER","RP","Orbitrap","HighRes",0.461372507605487,TRUE
"SRM",6,"09","Cer 18:1;O2/16:0","OTHER","FIA","QQQ","LowRes",0.31412647489917733,FALSE
"SRM",7,"10a","Cer 18:1;O2/16:0","SOP","RP","QQQ","LowRes",0.36154755756963175,FALSE
"SRM",7,"10b","Cer 18:1;O2/16:0","OTHER","RP","QQQ","LowRes",0.3366608429106409,FALSE
"SRM",8,"12","Cer 18:1;O2/16:0","SOP","RP","QQQ","LowRes",0.24829651819025042,TRUE
"SRM",9,"13","Cer 18:1;O2/16:0","OTHER","RP","QQQ","LowRes",0.23105613582772927,TRUE
"SRM",10,"14","Cer 18:1;O2/16:0","SOP","RP","QQQ","LowRes",0.36732137297822043,FALSE
"SRM",11,"15","Cer 18:1;O2/16:0","SOP","RP","QQQ","LowRes",0.33618991579132224,FALSE
"SRM",12,"16","Cer 18:1;O2/16:0","OTHER","RP","Orbitrap","HighRes",0.37624739873086177,FALSE
"SRM",13,"17a","Cer 18:1;O2/16:0","OTHER","RP","TOF","HighRes",0.3174009040844049,FALSE
"SRM",14,"18a","Cer 18:1;O2/16:0","SOP","RP","QQQ","LowRes",0.3320849885708429,FALSE
"SRM",14,"18b","Cer 18:1;O2/16:0","SOP","RP","QQQ","LowRes",0.3351453458914544,FALSE
"SRM",15,"19","Cer 18:1;O2/16:0","SOP","RP","QQQ","LowRes",0.25261024216542266,FALSE
"SRM",16,"20a","Cer 18:1;O2/16:0","SOP","RP","QQQ","LowRes",0.32982596540238984,FALSE
"SRM",16,"20b","Cer 18:1;O2/16:0","OTHER","RP","QQQ","LowRes",0.3523307464784671,FALSE
"SRM",17,"21","Cer 18:1;O2/16:0","SOP","RP","QQQ","LowRes",0.3758687165645044,FALSE
"SRM",18,"22","Cer 18:1;O2/16:0","SOP","RP","QQQ","LowRes",0.33698065126004867,FALSE
"SRM",19,"23","Cer 18:1;O2/16:0","SOP","RP","QQQ","LowRes",0.35153157402149443,FALSE
"SRM",20,"24","Cer 18:1;O2/16:0","SOP","RP","QQQ","LowRes",0.37991182635495646,FALSE
"SRM",21,"25","Cer 18:1;O2/16:0","SOP","RP","QQQ","LowRes",0.36847151572366904,FALSE
"SRM",22,"26a","Cer 18:1;O2/16:0","OTHER","FIA","Orbitrap","HighRes",0.7342399148732749,TRUE
"SRM",22,"26b","Cer 18:1;O2/16:0","OTHER","FIA","QQQ","LowRes",0.32247076979548794,FALSE
"SRM",23,"27","Cer 18:1;O2/16:0","SOP","RP","QQQ","LowRes",0.3104286142860981,FALSE
"SRM",24,"28","Cer 18:1;O2/16:0","SOP","RP","QQQ","LowRes",0.3808621834504143,FALSE
"SRM",25,"29a","Cer 18:1;O2/16:0","SOP","RP","TOF","HighRes",0.3244141509917382,FALSE
"SRM",25,"29b","Cer 18:1;O2/16:0","OTHER","SFC","QQQ","LowRes",0.3857853676988865,FALSE
"SRM",26,"30","Cer 18:1;O2/16:0","SOP","RP","QQQ","LowRes",0.39959791132987693,FALSE
"SRM",27,"31","Cer 18:1;O2/16:0","SOP","RP","QQQ","LowRes",0.3763157023983352,FALSE
"SRM",28,"32","Cer 18:1;O2/16:0","OTHER","RP","TOF","HighRes",0.42443330723045325,FALSE
"SRM",29,"33","Cer 18:1;O2/16:0","OTHER","RP","QQQ","LowRes",0.38337021742852806,FALSE
"SRM",30,"34","Cer 18:1;O2/16:0","SOP","RP","QQQ","LowRes",0.34520131417254213,FALSE
"SRM",31,"35","Cer 18:1;O2/16:0","OTHER","RP","QQQ","LowRes",0.33213394458861945,FALSE
"SRM",32,"36","Cer 18:1;O2/16:0","SOP","RP","QQQ","LowRes",0.33304512922767665,FALSE
"SRM",33,"37","Cer 18:1;O2/16:0","OTHER","RP","QQQ","LowRes",0.07494807922270916,TRUE
"SRM",34,"38","Cer 18:1;O2/16:0","SOP","RP","QQQ","LowRes",0.059795529531630406,TRUE
"SRM",1,"02b","Cer 18:1;O2/18:0","SOP","RP","QQQ","LowRes",0.057349072225755165,FALSE
"SRM",2,"03","Cer 18:1;O2/18:0","OTHER","RP","QQQ","LowRes",0.057399595465245944,FALSE
"SRM",3,"04","Cer 18:1;O2/18:0","SOP","RP","QQQ","LowRes",0.05164729726461483,FALSE
"SRM",4,"05","Cer 18:1;O2/18:0","OTHER","RP","QQQ","LowRes",0.051345070303670165,FALSE
"SRM",5,"07","Cer 18:1;O2/18:0","OTHER","RP","Orbitrap","HighRes",0.05515707736393143,FALSE
"SRM",6,"09","Cer 18:1;O2/18:0","OTHER","FIA","QQQ","LowRes",0.04839809899728201,FALSE
"SRM",7,"10a","Cer 18:1;O2/18:0","SOP","RP","QQQ","LowRes",0.05579873698783122,FALSE
"SRM",7,"10b","Cer 18:1;O2/18:0","OTHER","RP","QQQ","LowRes",0.04912286228906027,FALSE
"SRM",8,"12","Cer 18:1;O2/18:0","SOP","RP","QQQ","LowRes",0.06377349435444461,FALSE
"SRM",9,"13","Cer 18:1;O2/18:0","OTHER","RP","QQQ","LowRes",0.09470721244326408,TRUE
"SRM",10,"14","Cer 18:1;O2/18:0","SOP","RP","QQQ","LowRes",0.05462962991776571,FALSE
"SRM",11,"15","Cer 18:1;O2/18:0","SOP","RP","QQQ","LowRes",0.05725042168899557,FALSE
"SRM",12,"16","Cer 18:1;O2/18:0","OTHER","RP","Orbitrap","HighRes",0.05400902905902893,FALSE
"SRM",13,"17a","Cer 18:1;O2/18:0","OTHER","RP","TOF","HighRes",0.07398509768578929,TRUE
"SRM",14,"18a","Cer 18:1;O2/18:0","SOP","RP","QQQ","LowRes",0.05922677486025466,FALSE
"SRM",14,"18b","Cer 18:1;O2/18:0","SOP","RP","QQQ","LowRes",0.04984873514557829,FALSE
"SRM",15,"19","Cer 18:1;O2/18:0","SOP","RP","QQQ","LowRes",0.04652252794329199,FALSE
"SRM",16,"20a","Cer 18:1;O2/18:0","SOP","RP","QQQ","LowRes",0.05210185542117381,FALSE
"SRM",16,"20b","Cer 18:1;O2/18:0","OTHER","RP","QQQ","LowRes",0.05139657377414005,FALSE
"SRM",17,"21","Cer 18:1;O2/18:0","SOP","RP","QQQ","LowRes",0.05975134811305684,FALSE
"SRM",18,"22","Cer 18:1;O2/18:0","SOP","RP","QQQ","LowRes",0.05602336103416152,FALSE
"SRM",19,"23","Cer 18:1;O2/18:0","SOP","RP","QQQ","LowRes",0.061376496452623074,FALSE
"SRM",20,"24","Cer 18:1;O2/18:0","SOP","RP","QQQ","LowRes",0.06765899224104452,FALSE
"SRM",21,"25","Cer 18:1;O2/18:0","SOP","RP","QQQ","LowRes",0.05655258433566754,FALSE
"SRM",22,"26a","Cer 18:1;O2/18:0","OTHER","FIA","Orbitrap","HighRes",0.1139006684153726,TRUE
"SRM",22,"26b","Cer 18:1;O2/18:0","OTHER","FIA","QQQ","LowRes",0.0376154990807037,TRUE
"SRM",23,"27","Cer 18:1;O2/18:0","SOP","RP","QQQ","LowRes",0.05099533914328203,FALSE
"SRM",24,"28","Cer 18:1;O2/18:0","SOP","RP","QQQ","LowRes",0.05599650154869826,FALSE
"SRM",25,"29a","Cer 18:1;O2/18:0","SOP","RP","TOF","HighRes",0.05215590149286133,FALSE
"SRM",25,"29b","Cer 18:1;O2/18:0","OTHER","SFC","QQQ","LowRes",0.06871054265065454,FALSE
"SRM",26,"30","Cer 18:1;O2/18:0","SOP","RP","QQQ","LowRes",0.05537195214668532,FALSE
"SRM",27,"31","Cer 18:1;O2/18:0","SOP","RP","QQQ","LowRes",0.060129667229452455,FALSE
"SRM",28,"32","Cer 18:1;O2/18:0","OTHER","RP","TOF","HighRes",0.11945461698199582,TRUE
"SRM",29,"33","Cer 18:1;O2/18:0","OTHER","RP","QQQ","LowRes",0.061635941709374975,FALSE
"SRM",30,"34","Cer 18:1;O2/18:0","SOP","RP","QQQ","LowRes",0.0507310943649562,FALSE
"SRM",31,"35","Cer 18:1;O2/18:0","OTHER","RP","QQQ","LowRes",0.04877775320464332,FALSE
"SRM",32,"36","Cer 18:1;O2/18:0","SOP","RP","QQQ","LowRes",0.05357759999530644,FALSE
"SRM",33,"37","Cer 18:1;O2/18:0","OTHER","RP","QQQ","LowRes",0.04889289609167444,FALSE
"SRM",34,"38","Cer 18:1;O2/18:0","SOP","RP","QQQ","LowRes",0.009481301931524983,TRUE
"SRM",1,"02b","Cer 18:1;O2/24:0","SOP","RP","QQQ","LowRes",2.5506333614319443,FALSE
"SRM",2,"03","Cer 18:1;O2/24:0","OTHER","RP","QQQ","LowRes",3.0374490200476774,FALSE
"SRM",3,"04","Cer 18:1;O2/24:0","SOP","RP","QQQ","LowRes",2.8337515311361128,FALSE
"SRM",4,"05","Cer 18:1;O2/24:0","OTHER","RP","QQQ","LowRes",0.5986432039334131,TRUE
"SRM",5,"07","Cer 18:1;O2/24:0","OTHER","RP","Orbitrap","HighRes",2.491405688726984,FALSE
"SRM",6,"09","Cer 18:1;O2/24:0","OTHER","FIA","QQQ","LowRes",2.1331750499891893,FALSE
"SRM",7,"10a","Cer 18:1;O2/24:0","SOP","RP","QQQ","LowRes",2.5128398419183076,FALSE
"SRM",7,"10b","Cer 18:1;O2/24:0","OTHER","RP","QQQ","LowRes",2.379283931972223,FALSE
"SRM",8,"12","Cer 18:1;O2/24:0","SOP","RP","QQQ","LowRes",2.0777201721826475,FALSE
"SRM",9,"13","Cer 18:1;O2/24:0","OTHER","RP","QQQ","LowRes",1.8885372577047463,FALSE
"SRM",10,"14","Cer 18:1;O2/24:0","SOP","RP","QQQ","LowRes",2.84869023075828,FALSE
"SRM",11,"15","Cer 18:1;O2/24:0","SOP","RP","QQQ","LowRes",2.4119107957165293,FALSE
"SRM",12,"16","Cer 18:1;O2/24:0","OTHER","RP","Orbitrap","HighRes",2.6405200043844648,FALSE
"SRM",13,"17a","Cer 18:1;O2/24:0","OTHER","RP","TOF","HighRes",3.0838323675890087,FALSE
"SRM",14,"18a","Cer 18:1;O2/24:0","SOP","RP","QQQ","LowRes",2.551987829208344,FALSE
"SRM",14,"18b","Cer 18:1;O2/24:0","SOP","RP","QQQ","LowRes",2.6016053738080784,FALSE
"SRM",15,"19","Cer 18:1;O2/24:0","SOP","RP","QQQ","LowRes",2.4180517700885145,FALSE
"SRM",16,"20a","Cer 18:1;O2/24:0","SOP","RP","QQQ","LowRes",2.508017895054766,FALSE
"SRM",16,"20b","Cer 18:1;O2/24:0","OTHER","RP","QQQ","LowRes",2.4809448567744363,FALSE
"SRM",17,"21","Cer 18:1;O2/24:0","SOP","RP","QQQ","LowRes",2.9524645607720275,FALSE
"SRM",18,"22","Cer 18:1;O2/24:0","SOP","RP","QQQ","LowRes",2.735347686126764,FALSE
"SRM",19,"23","Cer 18:1;O2/24:0","SOP","RP","QQQ","LowRes",2.891522811057098,FALSE
"SRM",20,"24","Cer 18:1;O2/24:0","SOP","RP","QQQ","LowRes",0.7632488624892632,TRUE
"SRM",21,"25","Cer 18:1;O2/24:0","SOP","RP","QQQ","LowRes",2.5452276262814855,FALSE
"SRM",22,"26a","Cer 18:1;O2/24:0","OTHER","FIA","Orbitrap","HighRes",2.9024060581491846,FALSE
"SRM",22,"26b","Cer 18:1;O2/24:0","OTHER","FIA","QQQ","LowRes",2.7859017457157975,FALSE
"SRM",23,"27","Cer 18:1;O2/24:0","SOP","RP","QQQ","LowRes",2.377023388694634,FALSE
"SRM",24,"28","Cer 18:1;O2/24:0","SOP","RP","QQQ","LowRes",2.6817321219179258,FALSE
"SRM",25,"29a","Cer 18:1;O2/24:0","SOP","RP","TOF","HighRes",2.6395087392697354,FALSE
"SRM",25,"29b","Cer 18:1;O2/24:0","OTHER","SFC","QQQ","LowRes",2.7518985054941436,FALSE
"SRM",26,"30","Cer 18:1;O2/24:0","SOP","RP","QQQ","LowRes",2.166851992081517,FALSE
"SRM",27,"31","Cer 18:1;O2/24:0","SOP","RP","QQQ","LowRes",3.9675309746221403,TRUE
"SRM",28,"32","Cer 18:1;O2/24:0","OTHER","RP","TOF","HighRes",2.81746282519403,FALSE
"SRM",29,"33","Cer 18:1;O2/24:0","OTHER","RP","QQQ","LowRes",2.6537215926749465,FALSE
"SRM",30,"34","Cer 18:1;O2/24:0","SOP","RP","QQQ","LowRes",2.690672523341063,FALSE
"SRM",31,"35","Cer 18:1;O2/24:0","OTHER","RP","QQQ","LowRes",2.2312430508581897,FALSE
"SRM",32,"36","Cer 18:1;O2/24:0","SOP","RP","QQQ","LowRes",2.6236746486337665,FALSE
"SRM",33,"37","Cer 18:1;O2/24:0","OTHER","RP","QQQ","LowRes",1.949368001753684,FALSE
"SRM",34,"38","Cer 18:1;O2/24:0","SOP","RP","QQQ","LowRes",0.46096488187453444,TRUE
"SRM",1,"02b","Cer 18:1;O2/24:1","SOP","RP","QQQ","LowRes",0.8657113129013884,FALSE
"SRM",2,"03","Cer 18:1;O2/24:1","OTHER","RP","QQQ","LowRes",0.8488223254024446,FALSE
"SRM",3,"04","Cer 18:1;O2/24:1","SOP","RP","QQQ","LowRes",0.9486109196666442,FALSE
"SRM",4,"05","Cer 18:1;O2/24:1","OTHER","RP","QQQ","LowRes",0.24853504184530376,TRUE
"SRM",5,"07","Cer 18:1;O2/24:1","OTHER","RP","Orbitrap","HighRes",0.9199607146763588,FALSE
"SRM",6,"09","Cer 18:1;O2/24:1","OTHER","FIA","QQQ","LowRes",0.7266296440986868,FALSE
"SRM",7,"10a","Cer 18:1;O2/24:1","SOP","RP","QQQ","LowRes",0.6218991972557895,FALSE
"SRM",7,"10b","Cer 18:1;O2/24:1","OTHER","RP","QQQ","LowRes",0.7736618612146982,FALSE
"SRM",8,"12","Cer 18:1;O2/24:1","SOP","RP","QQQ","LowRes",0.6880502561689767,FALSE
"SRM",9,"13","Cer 18:1;O2/24:1","OTHER","RP","QQQ","LowRes",0.47645067929345447,TRUE
"SRM",10,"14","Cer 18:1;O2/24:1","SOP","RP","QQQ","LowRes",0.9208675409680781,FALSE
"SRM",11,"15","Cer 18:1;O2/24:1","SOP","RP","QQQ","LowRes",0.8237330276639397,FALSE
"SRM",12,"16","Cer 18:1;O2/24:1","OTHER","RP","Orbitrap","HighRes",0.5175636121915038,FALSE
"SRM",13,"17a","Cer 18:1;O2/24:1","OTHER","RP","TOF","HighRes",1.4261052771242846,TRUE
"SRM",14,"18a","Cer 18:1;O2/24:1","SOP","RP","QQQ","LowRes",0.9471238291919469,FALSE
"SRM",14,"18b","Cer 18:1;O2/24:1","SOP","RP","QQQ","LowRes",0.925014433083739,FALSE
"SRM",15,"19","Cer 18:1;O2/24:1","SOP","RP","QQQ","LowRes",0.7552335482835885,FALSE
"SRM",16,"20a","Cer 18:1;O2/24:1","SOP","RP","QQQ","LowRes",0.8326584776480909,FALSE
"SRM",16,"20b","Cer 18:1;O2/24:1","OTHER","RP","QQQ","LowRes",0.8590544995413801,FALSE
"SRM",17,"21","Cer 18:1;O2/24:1","SOP","RP","QQQ","LowRes",0.9448282779418571,FALSE
"SRM",18,"22","Cer 18:1;O2/24:1","SOP","RP","QQQ","LowRes",0.8957046446077203,FALSE
"SRM",19,"23","Cer 18:1;O2/24:1","SOP","RP","QQQ","LowRes",0.9327061239110968,FALSE
"SRM",20,"24","Cer 18:1;O2/24:1","SOP","RP","QQQ","LowRes",0.2467053979209956,TRUE
"SRM",21,"25","Cer 18:1;O2/24:1","SOP","RP","QQQ","LowRes",0.8226371034157239,FALSE
"SRM",22,"26a","Cer 18:1;O2/24:1","OTHER","FIA","Orbitrap","HighRes",1.1264800882816774,FALSE
"SRM",22,"26b","Cer 18:1;O2/24:1","OTHER","FIA","QQQ","LowRes",0.9425127059216291,FALSE
"SRM",23,"27","Cer 18:1;O2/24:1","SOP","RP","QQQ","LowRes",0.7655186495279416,FALSE
"SRM",24,"28","Cer 18:1;O2/24:1","SOP","RP","QQQ","LowRes",0.8584714540804045,FALSE
"SRM",25,"29a","Cer 18:1;O2/24:1","SOP","RP","TOF","HighRes",0.8795008968686724,FALSE
"SRM",25,"29b","Cer 18:1;O2/24:1","OTHER","SFC","QQQ","LowRes",1.3453457790074126,TRUE
"SRM",26,"30","Cer 18:1;O2/24:1","SOP","RP","QQQ","LowRes",0.8365157248621649,FALSE
"SRM",27,"31","Cer 18:1;O2/24:1","SOP","RP","QQQ","LowRes",1.0373656122481962,FALSE
"SRM",28,"32","Cer 18:1;O2/24:1","OTHER","RP","TOF","HighRes",1.421697019339934,TRUE
"SRM",29,"33","Cer 18:1;O2/24:1","OTHER","RP","QQQ","LowRes",0.8673112891390866,FALSE
"SRM",30,"34","Cer 18:1;O2/24:1","SOP","RP","QQQ","LowRes",0.8245761626714248,FALSE
"SRM",31,"35","Cer 18:1;O2/24:1","OTHER","RP","QQQ","LowRes",0.7409415629794173,FALSE
"SRM",32,"36","Cer 18:1;O2/24:1","SOP","RP","QQQ","LowRes",0.8461966086699827,FALSE
"SRM",33,"37","Cer 18:1;O2/24:1","OTHER","RP","QQQ","LowRes",0.5759645697387767,FALSE
"SRM",34,"38","Cer 18:1;O2/24:1","SOP","RP","QQQ","LowRes",0.15598556359128318,TRUE
"hTAG",1,"02b","Cer 18:1;O2/16:0","SOP","RP","QQQ","LowRes",0.44596519473078033,FALSE
"hTAG",2,"03","Cer 18:1;O2/16:0","OTHER","RP","QQQ","LowRes",0.4326303463694019,FALSE
"hTAG",3,"04","Cer 18:1;O2/16:0","SOP","RP","QQQ","LowRes",0.37806847908163344,FALSE
"hTAG",4,"05","Cer 18:1;O2/16:0","OTHER","RP","QQQ","LowRes",0.4240925998553787,FALSE
"hTAG",5,"07","Cer 18:1;O2/16:0","OTHER","RP","Orbitrap","HighRes",0.5997174854546203,TRUE
"hTAG",6,"09","Cer 18:1;O2/16:0","OTHER","FIA","QQQ","LowRes",0.35687690133412125,FALSE
"hTAG",7,"10a","Cer 18:1;O2/16:0","SOP","RP","QQQ","LowRes",0.37114613911610866,FALSE
"hTAG",7,"10b","Cer 18:1;O2/16:0","OTHER","RP","QQQ","LowRes",0.37187151282125985,FALSE
"hTAG",8,"12","Cer 18:1;O2/16:0","SOP","RP","QQQ","LowRes",0.3029414514601772,FALSE
"hTAG",9,"13","Cer 18:1;O2/16:0","OTHER","RP","QQQ","LowRes",0.2749113256795983,FALSE
"hTAG",10,"14","Cer 18:1;O2/16:0","SOP","RP","QQQ","LowRes",0.44625566339915107,FALSE
"hTAG",11,"15","Cer 18:1;O2/16:0","SOP","RP","QQQ","LowRes",0.39496328705964806,FALSE
"hTAG",12,"16","Cer 18:1;O2/16:0","OTHER","RP","Orbitrap","HighRes",0.4241964875231734,FALSE
"hTAG",13,"17a","Cer 18:1;O2/16:0","OTHER","RP","TOF","HighRes",0.38997454362783784,FALSE
"hTAG",14,"18a","Cer 18:1;O2/16:0","SOP","RP","QQQ","LowRes",0.4021609380243604,FALSE
"hTAG",14,"18b","Cer 18:1;O2/16:0","SOP","RP","QQQ","LowRes",0.3959533381279027,FALSE
"hTAG",15,"19","Cer 18:1;O2/16:0","SOP","RP","QQQ","LowRes",0.27542768231058,FALSE
"hTAG",16,"20a","Cer 18:1;O2/16:0","SOP","RP","QQQ","LowRes",0.44880540422554366,FALSE
"hTAG",16,"20b","Cer 18:1;O2/16:0","OTHER","RP","QQQ","LowRes",0.4075163203184391,FALSE
"hTAG",17,"21","Cer 18:1;O2/16:0","SOP","RP","QQQ","LowRes",0.4158823376559836,FALSE
"hTAG",18,"22","Cer 18:1;O2/16:0","SOP","RP","QQQ","LowRes",0.37392362488817055,FALSE
"hTAG",19,"23","Cer 18:1;O2/16:0","SOP","RP","QQQ","LowRes",0.41176026081120043,FALSE
"hTAG",20,"24","Cer 18:1;O2/16:0","SOP","RP","QQQ","LowRes",0.46986835903933427,FALSE
"hTAG",21,"25","Cer 18:1;O2/16:0","SOP","RP","QQQ","LowRes",0.4123890910162722,FALSE
"hTAG",22,"26a","Cer 18:1;O2/16:0","OTHER","FIA","Orbitrap","HighRes",0.5565230370421691,TRUE
"hTAG",22,"26b","Cer 18:1;O2/16:0","OTHER","FIA","QQQ","LowRes",0.3883178504864886,FALSE
"hTAG",23,"27","Cer 18:1;O2/16:0","SOP","RP","QQQ","LowRes",0.3497466617682772,FALSE
"hTAG",24,"28","Cer 18:1;O2/16:0","SOP","RP","QQQ","LowRes",0.4616647484107807,FALSE
"hTAG",25,"29a","Cer 18:1;O2/16:0","SOP","RP","TOF","HighRes",0.35706025784399015,FALSE
"hTAG",25,"29b","Cer 18:1;O2/16:0","OTHER","SFC","QQQ","LowRes",0.44421915632618714,FALSE
"hTAG",26,"30","Cer 18:1;O2/16:0","SOP","RP","QQQ","LowRes",0.49679569635698345,FALSE
"hTAG",27,"31","Cer 18:1;O2/16:0","SOP","RP","QQQ","LowRes",0.4624007669374778,FALSE
"hTAG",28,"32","Cer 18:1;O2/16:0","OTHER","RP","TOF","HighRes",0.4141547993060796,FALSE
"hTAG",29,"33","Cer 18:1;O2/16:0","OTHER","RP","QQQ","LowRes",0.45819289274527913,FALSE
"hTAG",30,"34","Cer 18:1;O2/16:0","SOP","RP","QQQ","LowRes",0.42979657733676435,FALSE
"hTAG",31,"35","Cer 18:1;O2/16:0","OTHER","RP","QQQ","LowRes",0.3786754470832153,FALSE
"hTAG",32,"36","Cer 18:1;O2/16:0","SOP","RP","QQQ","LowRes",0.39935908950431553,FALSE
"hTAG",33,"37","Cer 18:1;O2/16:0","OTHER","RP","QQQ","LowRes",0.08694637348036031,TRUE
"hTAG",34,"38","Cer 18:1;O2/16:0","SOP","RP","QQQ","LowRes",0.10410438489454717,TRUE
"hTAG",1,"02b","Cer 18:1;O2/18:0","SOP","RP","QQQ","LowRes",0.06887943394324716,FALSE
"hTAG",2,"03","Cer 18:1;O2/18:0","OTHER","RP","QQQ","LowRes",0.06828825633833424,FALSE
"hTAG",3,"04","Cer 18:1;O2/18:0","SOP","RP","QQQ","LowRes",0.060949816685841075,FALSE
"hTAG",4,"05","Cer 18:1;O2/18:0","OTHER","RP","QQQ","LowRes",0.05736707959291292,FALSE
"hTAG",5,"07","Cer 18:1;O2/18:0","OTHER","RP","Orbitrap","HighRes",0.0702249050383709,FALSE
"hTAG",6,"09","Cer 18:1;O2/18:0","OTHER","FIA","QQQ","LowRes",0.05153788878119818,FALSE
"hTAG",7,"10a","Cer 18:1;O2/18:0","SOP","RP","QQQ","LowRes",0.06324370902029992,FALSE
"hTAG",7,"10b","Cer 18:1;O2/18:0","OTHER","RP","QQQ","LowRes",0.05360686573616035,FALSE
"hTAG",8,"12","Cer 18:1;O2/18:0","SOP","RP","QQQ","LowRes",0.07507587523066775,FALSE
"hTAG",9,"13","Cer 18:1;O2/18:0","OTHER","RP","QQQ","LowRes",0.1108369224052313,TRUE
"hTAG",10,"14","Cer 18:1;O2/18:0","SOP","RP","QQQ","LowRes",0.06711677579598149,FALSE
"hTAG",11,"15","Cer 18:1;O2/18:0","SOP","RP","QQQ","LowRes",0.06491273683793657,FALSE
"hTAG",12,"16","Cer 18:1;O2/18:0","OTHER","RP","Orbitrap","HighRes",0.062172810524631944,FALSE
"hTAG",13,"17a","Cer 18:1;O2/18:0","OTHER","RP","TOF","HighRes",0.08762624286144544,FALSE
"hTAG",14,"18a","Cer 18:1;O2/18:0","SOP","RP","QQQ","LowRes",0.07345847144629464,FALSE
"hTAG",14,"18b","Cer 18:1;O2/18:0","SOP","RP","QQQ","LowRes",0.054513886679088575,FALSE
"hTAG",15,"19","Cer 18:1;O2/18:0","SOP","RP","QQQ","LowRes",0.054110823081118815,FALSE
"hTAG",16,"20a","Cer 18:1;O2/18:0","SOP","RP","QQQ","LowRes",0.06611851984114263,FALSE
"hTAG",16,"20b","Cer 18:1;O2/18:0","OTHER","RP","QQQ","LowRes",0.05919403729156437,FALSE
"hTAG",17,"21","Cer 18:1;O2/18:0","SOP","RP","QQQ","LowRes",0.0658724692873865,FALSE
"hTAG",18,"22","Cer 18:1;O2/18:0","SOP","RP","QQQ","LowRes",0.06288238210588944,FALSE
"hTAG",19,"23","Cer 18:1;O2/18:0","SOP","RP","QQQ","LowRes",0.07726854148578578,FALSE
"hTAG",20,"24","Cer 18:1;O2/18:0","SOP","RP","QQQ","LowRes",0.0860320563192214,FALSE
"hTAG",21,"25","Cer 18:1;O2/18:0","SOP","RP","QQQ","LowRes",0.06119798384289961,FALSE
"hTAG",22,"26a","Cer 18:1;O2/18:0","OTHER","FIA","Orbitrap","HighRes",0.07795181286016208,FALSE
"hTAG",22,"26b","Cer 18:1;O2/18:0","OTHER","FIA","QQQ","LowRes",0.03250477866924778,TRUE
"hTAG",23,"27","Cer 18:1;O2/18:0","SOP","RP","QQQ","LowRes",0.05770360484059914,FALSE
"hTAG",24,"28","Cer 18:1;O2/18:0","SOP","RP","QQQ","LowRes",0.06719334046207821,FALSE
"hTAG",25,"29a","Cer 18:1;O2/18:0","SOP","RP","TOF","HighRes",0.05888437257802231,FALSE
"hTAG",25,"29b","Cer 18:1;O2/18:0","OTHER","SFC","QQQ","LowRes",0.09298131059824367,TRUE
"hTAG",26,"30","Cer 18:1;O2/18:0","SOP","RP","QQQ","LowRes",0.05941264365698296,FALSE
"hTAG",27,"31","Cer 18:1;O2/18:0","SOP","RP","QQQ","LowRes",0.07355762994401985,FALSE
"hTAG",28,"32","Cer 18:1;O2/18:0","OTHER","RP","TOF","HighRes",0.10711095658941983,TRUE
"hTAG",29,"33","Cer 18:1;O2/18:0","OTHER","RP","QQQ","LowRes",0.07064828238520718,FALSE
"hTAG",30,"34","Cer 18:1;O2/18:0","SOP","RP","QQQ","LowRes",0.06301780944528419,FALSE
"hTAG",31,"35","Cer 18:1;O2/18:0","OTHER","RP","QQQ","LowRes",0.05524837258159872,FALSE
"hTAG",32,"36","Cer 18:1;O2/18:0","SOP","RP","QQQ","LowRes",0.06506001412425091,FALSE
"hTAG",33,"37","Cer 18:1;O2/18:0","OTHER","RP","QQQ","LowRes",0.0580939439564658,FALSE
"hTAG",34,"38","Cer 18:1;O2/18:0","SOP","RP","QQQ","LowRes",0.015825042629636025,TRUE
"hTAG",1,"02b","Cer 18:1;O2/24:0","SOP","RP","QQQ","LowRes",3.9891115049494554,FALSE
"hTAG",2,"03","Cer 18:1;O2/24:0","OTHER","RP","QQQ","LowRes",4.606078458584046,FALSE
"hTAG",3,"04","Cer 18:1;O2/24:0","SOP","RP","QQQ","LowRes",4.270599080922695,FALSE
"hTAG",4,"05","Cer 18:1;O2/24:0","OTHER","RP","QQQ","LowRes",0.9334094804713728,TRUE
"hTAG",5,"07","Cer 18:1;O2/24:0","OTHER","RP","Orbitrap","HighRes",4.199710809283095,FALSE
"hTAG",6,"09","Cer 18:1;O2/24:0","OTHER","FIA","QQQ","LowRes",3.3288316917794476,FALSE
"hTAG",7,"10a","Cer 18:1;O2/24:0","SOP","RP","QQQ","LowRes",4.048688213004557,FALSE
"hTAG",7,"10b","Cer 18:1;O2/24:0","OTHER","RP","QQQ","LowRes",3.5095364715715824,FALSE
"hTAG",8,"12","Cer 18:1;O2/24:0","SOP","RP","QQQ","LowRes",3.246439050601851,FALSE
"hTAG",9,"13","Cer 18:1;O2/24:0","OTHER","RP","QQQ","LowRes",2.5220781628627273,FALSE
"hTAG",10,"14","Cer 18:1;O2/24:0","SOP","RP","QQQ","LowRes",4.456467553067405,FALSE
"hTAG",11,"15","Cer 18:1;O2/24:0","SOP","RP","QQQ","LowRes",3.562319945408463,FALSE
"hTAG",12,"16","Cer 18:1;O2/24:0","OTHER","RP","Orbitrap","HighRes",4.027841389938928,FALSE
"hTAG",13,"17a","Cer 18:1;O2/24:0","OTHER","RP","TOF","HighRes",4.947739775598109,FALSE
"hTAG",14,"18a","Cer 18:1;O2/24:0","SOP","RP","QQQ","LowRes",4.09843887177197,FALSE
"hTAG",14,"18b","Cer 18:1;O2/24:0","SOP","RP","QQQ","LowRes",4.199800416818918,FALSE
"hTAG",15,"19","Cer 18:1;O2/24:0","SOP","RP","QQQ","LowRes",4.083073615649728,FALSE
"hTAG",16,"20a","Cer 18:1;O2/24:0","SOP","RP","QQQ","LowRes",4.3659619324808885,FALSE
"hTAG",16,"20b","Cer 18:1;O2/24:0","OTHER","RP","QQQ","LowRes",3.6558977621685385,FALSE
"hTAG",17,"21","Cer 18:1;O2/24:0","SOP","RP","QQQ","LowRes",4.177925782449871,FALSE
"hTAG",18,"22","Cer 18:1;O2/24:0","SOP","RP","QQQ","LowRes",3.8757342398701944,FALSE
"hTAG",19,"23","Cer 18:1;O2/24:0","SOP","RP","QQQ","LowRes",4.737692830220966,FALSE
"hTAG",20,"24","Cer 18:1;O2/24:0","SOP","RP","QQQ","LowRes",1.2730409221089256,TRUE
"hTAG",21,"25","Cer 18:1;O2/24:0","SOP","RP","QQQ","LowRes",3.968318461573075,FALSE
"hTAG",22,"26a","Cer 18:1;O2/24:0","OTHER","FIA","Orbitrap","HighRes",4.358577168911421,FALSE
"hTAG",22,"26b","Cer 18:1;O2/24:0","OTHER","FIA","QQQ","LowRes",4.2982514831192935,FALSE
"hTAG",23,"27","Cer 18:1;O2/24:0","SOP","RP","QQQ","LowRes",3.5186655423551354,FALSE
"hTAG",24,"28","Cer 18:1;O2/24:0","SOP","RP","QQQ","LowRes",4.124512000337745,FALSE
"hTAG",25,"29a","Cer 18:1;O2/24:0","SOP","RP","TOF","HighRes",3.8507747469569726,FALSE
"hTAG",25,"29b","Cer 18:1;O2/24:0","OTHER","SFC","QQQ","LowRes",4.270294029835074,FALSE
"hTAG",26,"30","Cer 18:1;O2/24:0","SOP","RP","QQQ","LowRes",3.0266481191406673,FALSE
"hTAG",27,"31","Cer 18:1;O2/24:0","SOP","RP","QQQ","LowRes",6.246773544898437,TRUE
"hTAG",28,"32","Cer 18:1;O2/24:0","OTHER","RP","TOF","HighRes",3.579652015702945,FALSE
"hTAG",29,"33","Cer 18:1;O2/24:0","OTHER","RP","QQQ","LowRes",4.032790780773823,FALSE
"hTAG",30,"34","Cer 18:1;O2/24:0","SOP","RP","QQQ","LowRes",4.1401370465565455,FALSE
"hTAG",31,"35","Cer 18:1;O2/24:0","OTHER","RP","QQQ","LowRes",3.183580331209979,FALSE
"hTAG",32,"36","Cer 18:1;O2/24:0","SOP","RP","QQQ","LowRes",4.178339696007842,FALSE
"hTAG",33,"37","Cer 18:1;O2/24:0","OTHER","RP","QQQ","LowRes",2.933610274775062,FALSE
"hTAG",34,"38","Cer 18:1;O2/24:0","SOP","RP","QQQ","LowRes",0.9206451407630515,TRUE
"hTAG",1,"02b","Cer 18:1;O2/24:1","SOP","RP","QQQ","LowRes",1.266140814224371,FALSE
"hTAG",2,"03","Cer 18:1;O2/24:1","OTHER","RP","QQQ","LowRes",1.3713018425403536,FALSE
"hTAG",3,"04","Cer 18:1;O2/24:1","SOP","RP","QQQ","LowRes",1.3028601703312714,FALSE
"hTAG",4,"05","Cer 18:1;O2/24:1","OTHER","RP","QQQ","LowRes",0.3673347040559281,TRUE
"hTAG",5,"07","Cer 18:1;O2/24:1","OTHER","RP","Orbitrap","HighRes",1.4627481097520894,FALSE
"hTAG",6,"09","Cer 18:1;O2/24:1","OTHER","FIA","QQQ","LowRes",1.053930975219762,FALSE
"hTAG",7,"10a","Cer 18:1;O2/24:1","SOP","RP","QQQ","LowRes",1.5019257607044565,FALSE
"hTAG",7,"10b","Cer 18:1;O2/24:1","OTHER","RP","QQQ","LowRes",1.0389944268976183,FALSE
"hTAG",8,"12","Cer 18:1;O2/24:1","SOP","RP","QQQ","LowRes",0.9895548325868355,FALSE
"hTAG",9,"13","Cer 18:1;O2/24:1","OTHER","RP","QQQ","LowRes",0.6289681668565377,FALSE
"hTAG",10,"14","Cer 18:1;O2/24:1","SOP","RP","QQQ","LowRes",1.3449180630994357,FALSE
"hTAG",11,"15","Cer 18:1;O2/24:1","SOP","RP","QQQ","LowRes",1.142906637504443,FALSE
"hTAG",12,"16","Cer 18:1;O2/24:1","OTHER","RP","Orbitrap","HighRes",0.5842871568437075,FALSE
"hTAG",13,"17a","Cer 18:1;O2/24:1","OTHER","RP","TOF","HighRes",2.1750098493420165,TRUE
"hTAG",14,"18a","Cer 18:1;O2/24:1","SOP","RP","QQQ","LowRes",1.4179276211486131,FALSE
"hTAG",14,"18b","Cer 18:1;O2/24:1","SOP","RP","QQQ","LowRes",1.394788051215341,FALSE
"hTAG",15,"19","Cer 18:1;O2/24:1","SOP","RP","QQQ","LowRes",1.1054170419290728,FALSE
"hTAG",16,"20a","Cer 18:1;O2/24:1","SOP","RP","QQQ","LowRes",1.376508559638186,FALSE
"hTAG",16,"20b","Cer 18:1;O2/24:1","OTHER","RP","QQQ","LowRes",1.2004093476469895,FALSE
"hTAG",17,"21","Cer 18:1;O2/24:1","SOP","RP","QQQ","LowRes",1.2781578981442259,FALSE
"hTAG",18,"22","Cer 18:1;O2/24:1","SOP","RP","QQQ","LowRes",1.2126648430561646,FALSE
"hTAG",19,"23","Cer 18:1;O2/24:1","SOP","RP","QQQ","LowRes",1.3935683233887675,FALSE
"hTAG",20,"24","Cer 18:1;O2/24:1","SOP","RP","QQQ","LowRes",0.36818540832597035,TRUE
"hTAG",21,"25","Cer 18:1;O2/24:1","SOP","RP","QQQ","LowRes",1.1989447788494338,FALSE
"hTAG",22,"26a","Cer 18:1;O2/24:1","OTHER","FIA","Orbitrap","HighRes",1.509414314742884,FALSE
"hTAG",22,"26b","Cer 18:1;O2/24:1","OTHER","FIA","QQQ","LowRes",1.4060198712974448,FALSE
"hTAG",23,"27","Cer 18:1;O2/24:1","SOP","RP","QQQ","LowRes",1.0509848434663007,FALSE
"hTAG",24,"28","Cer 18:1;O2/24:1","SOP","RP","QQQ","LowRes",1.2337244386606272,FALSE
"hTAG",25,"29a","Cer 18:1;O2/24:1","SOP","RP","TOF","HighRes",1.202215319814382,FALSE
"hTAG",25,"29b","Cer 18:1;O2/24:1","OTHER","SFC","QQQ","LowRes",1.9508369798676604,TRUE
"hTAG",26,"30","Cer 18:1;O2/24:1","SOP","RP","QQQ","LowRes",1.1939164770985875,FALSE
"hTAG",27,"31","Cer 18:1;O2/24:1","SOP","RP","QQQ","LowRes",1.484021336795911,FALSE
"hTAG",28,"32","Cer 18:1;O2/24:1","OTHER","RP","TOF","HighRes",1.6353311543345068,FALSE
"hTAG",29,"33","Cer 18:1;O2/24:1","OTHER","RP","QQQ","LowRes",1.216951184950426,FALSE
"hTAG",30,"34","Cer 18:1;O2/24:1","SOP","RP","QQQ","LowRes",1.2247516330636588,FALSE
"hTAG",31,"35","Cer 18:1;O2/24:1","OTHER","RP","QQQ","LowRes",1.006499639465967,FALSE
"hTAG",32,"36","Cer 18:1;O2/24:1","SOP","RP","QQQ","LowRes",1.2479984471326713,FALSE
"hTAG",33,"37","Cer 18:1;O2/24:1","OTHER","RP","QQQ","LowRes",0.8259471578925447,FALSE
"hTAG",34,"38","Cer 18:1;O2/24:1","SOP","RP","QQQ","LowRes",0.2894498169453926,TRUE
"DB",1,"02b","Cer 18:1;O2/16:0","SOP","RP","QQQ","LowRes",0.3470913436032764,FALSE
"DB",2,"03","Cer 18:1;O2/16:0","OTHER","RP","QQQ","LowRes",0.3297754131180103,FALSE
"DB",3,"04","Cer 18:1;O2/16:0","SOP","RP","QQQ","LowRes",0.2956566490853941,FALSE
"DB",4,"05","Cer 18:1;O2/16:0","OTHER","RP","QQQ","LowRes",0.3305645036072281,FALSE
"DB",5,"07","Cer 18:1;O2/16:0","OTHER","RP","Orbitrap","HighRes",0.47430307766821744,TRUE
"DB",6,"09","Cer 18:1;O2/16:0","OTHER","FIA","QQQ","LowRes",0.273199015960658,FALSE
"DB",7,"10a","Cer 18:1;O2/16:0","SOP","RP","QQQ","LowRes",0.3233937899514032,FALSE
"DB",7,"10b","Cer 18:1;O2/16:0","OTHER","RP","QQQ","LowRes",0.2913380712338256,FALSE
"DB",8,"12","Cer 18:1;O2/16:0","SOP","RP","QQQ","LowRes",0.22666660384499962,FALSE
"DB",9,"13","Cer 18:1;O2/16:0","OTHER","RP","QQQ","LowRes",0.20354262951959412,TRUE
"DB",10,"14","Cer 18:1;O2/16:0","SOP","RP","QQQ","LowRes",0.3413916475075873,FALSE
"DB",11,"15","Cer 18:1;O2/16:0","SOP","RP","QQQ","LowRes",0.3033518206050813,FALSE
"DB",12,"16","Cer 18:1;O2/16:0","OTHER","RP","Orbitrap","HighRes",0.32244658618167904,FALSE
"DB",13,"17a","Cer 18:1;O2/16:0","OTHER","RP","TOF","HighRes",0.27194987870148657,FALSE
"DB",14,"18a","Cer 18:1;O2/16:0","SOP","RP","QQQ","LowRes",0.2988226182986688,FALSE
"DB",14,"18b","Cer 18:1;O2/16:0","SOP","RP","QQQ","LowRes",0.29847889962627827,FALSE
"DB",15,"19","Cer 18:1;O2/16:0","SOP","RP","QQQ","LowRes",0.22614567096532795,FALSE
"DB",16,"20a","Cer 18:1;O2/16:0","SOP","RP","QQQ","LowRes",0.29839259426594134,FALSE
"DB",16,"20b","Cer 18:1;O2/16:0","OTHER","RP","QQQ","LowRes",0.30731167273007864,FALSE
"DB",17,"21","Cer 18:1;O2/16:0","SOP","RP","QQQ","LowRes",0.335666933673863,FALSE
"DB",18,"22","Cer 18:1;O2/16:0","SOP","RP","QQQ","LowRes",0.2881160057821026,FALSE
"DB",19,"23","Cer 18:1;O2/16:0","SOP","RP","QQQ","LowRes",0.31314615968174375,FALSE
"DB",20,"24","Cer 18:1;O2/16:0","SOP","RP","QQQ","LowRes",0.34446746081739804,FALSE
"DB",21,"25","Cer 18:1;O2/16:0","SOP","RP","QQQ","LowRes",0.3139608799535959,FALSE
"DB",22,"26a","Cer 18:1;O2/16:0","OTHER","FIA","Orbitrap","HighRes",0.594658161041182,TRUE
"DB",22,"26b","Cer 18:1;O2/16:0","OTHER","FIA","QQQ","LowRes",0.2928139415602887,FALSE
"DB",23,"27","Cer 18:1;O2/16:0","SOP","RP","QQQ","LowRes",0.2668205078975115,FALSE
"DB",24,"28","Cer 18:1;O2/16:0","SOP","RP","QQQ","LowRes",0.33470393342438587,FALSE
"DB",25,"29a","Cer 18:1;O2/16:0","SOP","RP","TOF","HighRes",0.2696273072104982,FALSE
"DB",25,"29b","Cer 18:1;O2/16:0","OTHER","SFC","QQQ","LowRes",0.34612029470997674,FALSE
"DB",26,"30","Cer 18:1;O2/16:0","SOP","RP","QQQ","LowRes",0.36586167624606875,FALSE
"DB",27,"31","Cer 18:1;O2/16:0","SOP","RP","QQQ","LowRes",0.36411757976704395,FALSE
"DB",28,"32","Cer 18:1;O2/16:0","OTHER","RP","TOF","HighRes",0.43798489797061807,TRUE
"DB",29,"33","Cer 18:1;O2/16:0","OTHER","RP","QQQ","LowRes",0.36184537053755034,FALSE
"DB",30,"34","Cer 18:1;O2/16:0","SOP","RP","QQQ","LowRes",0.3162634166029507,FALSE
"DB",31,"35","Cer 18:1;O2/16:0","OTHER","RP","QQQ","LowRes",0.29296586275667746,FALSE
"DB",32,"36","Cer 18:1;O2/16:0","SOP","RP","QQQ","LowRes",0.29933740620274957,FALSE
"DB",33,"37","Cer 18:1;O2/16:0","OTHER","RP","QQQ","LowRes",0.06874310479274663,TRUE
"DB",34,"38","Cer 18:1;O2/16:0","SOP","RP","QQQ","LowRes",0.05558116672336145,TRUE
"DB",1,"02b","Cer 18:1;O2/18:0","SOP","RP","QQQ","LowRes",0.06667850870993243,FALSE
"DB",2,"03","Cer 18:1;O2/18:0","OTHER","RP","QQQ","LowRes",0.0629941503927317,FALSE
"DB",3,"04","Cer 18:1;O2/18:0","SOP","RP","QQQ","LowRes",0.05977917005773372,FALSE
"DB",4,"05","Cer 18:1;O2/18:0","OTHER","RP","QQQ","LowRes",0.0614479045400723,FALSE
"DB",5,"07","Cer 18:1;O2/18:0","OTHER","RP","Orbitrap","HighRes",0.06884161457237795,FALSE
"DB",6,"09","Cer 18:1;O2/18:0","OTHER","FIA","QQQ","LowRes",0.05259068237966406,FALSE
"DB",7,"10a","Cer 18:1;O2/18:0","SOP","RP","QQQ","LowRes",0.06569604266214184,FALSE
"DB",7,"10b","Cer 18:1;O2/18:0","OTHER","RP","QQQ","LowRes",0.05502366597803581,FALSE
"DB",8,"12","Cer 18:1;O2/18:0","SOP","RP","QQQ","LowRes",0.07217766353575752,FALSE
"DB",9,"13","Cer 18:1;O2/18:0","OTHER","RP","QQQ","LowRes",0.10447716517005919,TRUE
"DB",10,"14","Cer 18:1;O2/18:0","SOP","RP","QQQ","LowRes",0.06431160787366005,FALSE
"DB",11,"15","Cer 18:1;O2/18:0","SOP","RP","QQQ","LowRes",0.06538237144415848,FALSE
"DB",12,"16","Cer 18:1;O2/18:0","OTHER","RP","Orbitrap","HighRes",0.06130204958350414,FALSE
"DB",13,"17a","Cer 18:1;O2/18:0","OTHER","RP","TOF","HighRes",0.08078878580944684,FALSE
"DB",14,"18a","Cer 18:1;O2/18:0","SOP","RP","QQQ","LowRes",0.06800001437708127,FALSE
"DB",14,"18b","Cer 18:1;O2/18:0","SOP","RP","QQQ","LowRes",0.05285387692758304,FALSE
"DB",15,"19","Cer 18:1;O2/18:0","SOP","RP","QQQ","LowRes",0.054630273553851125,FALSE
"DB",16,"20a","Cer 18:1;O2/18:0","SOP","RP","QQQ","LowRes",0.0596141990137654,FALSE
"DB",16,"20b","Cer 18:1;O2/18:0","OTHER","RP","QQQ","LowRes",0.05751814108371298,FALSE
"DB",17,"21","Cer 18:1;O2/18:0","SOP","RP","QQQ","LowRes",0.06915894276369171,FALSE
"DB",18,"22","Cer 18:1;O2/18:0","SOP","RP","QQQ","LowRes",0.06208650639868659,FALSE
"DB",19,"23","Cer 18:1;O2/18:0","SOP","RP","QQQ","LowRes",0.07103185400016704,FALSE
"DB",20,"24","Cer 18:1;O2/18:0","SOP","RP","QQQ","LowRes",0.07823267708664033,FALSE
"DB",21,"25","Cer 18:1;O2/18:0","SOP","RP","QQQ","LowRes",0.05958749724630343,FALSE
"DB",22,"26a","Cer 18:1;O2/18:0","OTHER","FIA","Orbitrap","HighRes",0.09945897110848978,TRUE
"DB",22,"26b","Cer 18:1;O2/18:0","OTHER","FIA","QQQ","LowRes",0.0419654168135238,FALSE
"DB",23,"27","Cer 18:1;O2/18:0","SOP","RP","QQQ","LowRes",0.05777401177781834,FALSE
"DB",24,"28","Cer 18:1;O2/18:0","SOP","RP","QQQ","LowRes",0.06497001855191813,FALSE
"DB",25,"29a","Cer 18:1;O2/18:0","SOP","RP","TOF","HighRes",0.05757860800058645,FALSE
"DB",25,"29b","Cer 18:1;O2/18:0","OTHER","SFC","QQQ","LowRes",0.0803569522609298,FALSE
"DB",26,"30","Cer 18:1;O2/18:0","SOP","RP","QQQ","LowRes",0.0597581652375682,FALSE
"DB",27,"31","Cer 18:1;O2/18:0","SOP","RP","QQQ","LowRes",0.07192543667642094,FALSE
"DB",28,"32","Cer 18:1;O2/18:0","OTHER","RP","TOF","HighRes",0.12849015158598204,TRUE
"DB",29,"33","Cer 18:1;O2/18:0","OTHER","RP","QQQ","LowRes",0.0740475491511412,FALSE
"DB",30,"34","Cer 18:1;O2/18:0","SOP","RP","QQQ","LowRes",0.06017877685376332,FALSE
"DB",31,"35","Cer 18:1;O2/18:0","OTHER","RP","QQQ","LowRes",0.05581148542519485,FALSE
"DB",32,"36","Cer 18:1;O2/18:0","SOP","RP","QQQ","LowRes",0.06013277925851429,FALSE
"DB",33,"37","Cer 18:1;O2/18:0","OTHER","RP","QQQ","LowRes",0.05519891640600147,FALSE
"DB",34,"38","Cer 18:1;O2/18:0","SOP","RP","QQQ","LowRes",0.01128754532127685,TRUE
"DB",1,"02b","Cer 18:1;O2/24:0","SOP","RP","QQQ","LowRes",2.6182214383645337,FALSE
"DB",2,"03","Cer 18:1;O2/24:0","OTHER","RP","QQQ","LowRes",2.85012051119196,FALSE
"DB",3,"04","Cer 18:1;O2/24:0","SOP","RP","QQQ","LowRes",2.826418735800721,FALSE
"DB",4,"05","Cer 18:1;O2/24:0","OTHER","RP","QQQ","LowRes",0.595804559515744,TRUE
"DB",5,"07","Cer 18:1;O2/24:0","OTHER","RP","Orbitrap","HighRes",2.717840616288244,FALSE
"DB",6,"09","Cer 18:1;O2/24:0","OTHER","FIA","QQQ","LowRes",2.2083397189842446,FALSE
"DB",7,"10a","Cer 18:1;O2/24:0","SOP","RP","QQQ","LowRes",2.248532947962904,FALSE
"DB",7,"10b","Cer 18:1;O2/24:0","OTHER","RP","QQQ","LowRes",2.2726525220704277,FALSE
"DB",8,"12","Cer 18:1;O2/24:0","SOP","RP","QQQ","LowRes",2.0598295777855378,FALSE
"DB",9,"13","Cer 18:1;O2/24:0","OTHER","RP","QQQ","LowRes",1.8127788407477379,FALSE
"DB",10,"14","Cer 18:1;O2/24:0","SOP","RP","QQQ","LowRes",2.884477138235641,FALSE
"DB",11,"15","Cer 18:1;O2/24:0","SOP","RP","QQQ","LowRes",2.278899550500565,FALSE
"DB",12,"16","Cer 18:1;O2/24:0","OTHER","RP","Orbitrap","HighRes",2.509471900408328,FALSE
"DB",13,"17a","Cer 18:1;O2/24:0","OTHER","RP","TOF","HighRes",2.8253426125924648,FALSE
"DB",14,"18a","Cer 18:1;O2/24:0","SOP","RP","QQQ","LowRes",2.486105352778579,FALSE
"DB",14,"18b","Cer 18:1;O2/24:0","SOP","RP","QQQ","LowRes",2.575512943130849,FALSE
"DB",15,"19","Cer 18:1;O2/24:0","SOP","RP","QQQ","LowRes",2.5827086152712684,FALSE
"DB",16,"20a","Cer 18:1;O2/24:0","SOP","RP","QQQ","LowRes",2.5071319968635803,FALSE
"DB",16,"20b","Cer 18:1;O2/24:0","OTHER","RP","QQQ","LowRes",2.4585459569082677,FALSE
"DB",17,"21","Cer 18:1;O2/24:0","SOP","RP","QQQ","LowRes",2.8822568803907425,FALSE
"DB",18,"22","Cer 18:1;O2/24:0","SOP","RP","QQQ","LowRes",2.5862379723114874,FALSE
"DB",19,"23","Cer 18:1;O2/24:0","SOP","RP","QQQ","LowRes",2.8476467691750953,FALSE
"DB",20,"24","Cer 18:1;O2/24:0","SOP","RP","QQQ","LowRes",0.7715988923357455,TRUE
"DB",21,"25","Cer 18:1;O2/24:0","SOP","RP","QQQ","LowRes",2.5494406093351127,FALSE
"DB",22,"26a","Cer 18:1;O2/24:0","OTHER","FIA","Orbitrap","HighRes",2.9281702243649717,FALSE
"DB",22,"26b","Cer 18:1;O2/24:0","OTHER","FIA","QQQ","LowRes",2.7499918825649172,FALSE
"DB",23,"27","Cer 18:1;O2/24:0","SOP","RP","QQQ","LowRes",2.319142532800648,FALSE
"DB",24,"28","Cer 18:1;O2/24:0","SOP","RP","QQQ","LowRes",2.627711307912926,FALSE
"DB",25,"29a","Cer 18:1;O2/24:0","SOP","RP","TOF","HighRes",2.5315181306484984,FALSE
"DB",25,"29b","Cer 18:1;O2/24:0","OTHER","SFC","QQQ","LowRes",2.6663834776805775,FALSE
"DB",26,"30","Cer 18:1;O2/24:0","SOP","RP","QQQ","LowRes",2.0559687828256,FALSE
"DB",27,"31","Cer 18:1;O2/24:0","SOP","RP","QQQ","LowRes",4.0115613877385234,TRUE
"DB",28,"32","Cer 18:1;O2/24:0","OTHER","RP","TOF","HighRes",2.9166255825818745,FALSE
"DB",29,"33","Cer 18:1;O2/24:0","OTHER","RP","QQQ","LowRes",2.7089570430507006,FALSE
"DB",30,"34","Cer 18:1;O2/24:0","SOP","RP","QQQ","LowRes",2.6534165488911636,FALSE
"DB",31,"35","Cer 18:1;O2/24:0","OTHER","RP","QQQ","LowRes",2.1303713722322035,FALSE
"DB",32,"36","Cer 18:1;O2/24:0","SOP","RP","QQQ","LowRes",2.570771260153198,FALSE
"DB",33,"37","Cer 18:1;O2/24:0","OTHER","RP","QQQ","LowRes",1.9350163202876454,FALSE
"DB",34,"38","Cer 18:1;O2/24:0","SOP","RP","QQQ","LowRes",0.482904964091726,TRUE
"DB",1,"02b","Cer 18:1;O2/24:1","SOP","RP","QQQ","LowRes",0.8967924477945084,FALSE
"DB",2,"03","Cer 18:1;O2/24:1","OTHER","RP","QQQ","LowRes",0.8695393134769501,FALSE
"DB",3,"04","Cer 18:1;O2/24:1","SOP","RP","QQQ","LowRes",0.9249333199594257,FALSE
"DB",4,"05","Cer 18:1;O2/24:1","OTHER","RP","QQQ","LowRes",0.24889409226282527,TRUE
"DB",5,"07","Cer 18:1;O2/24:1","OTHER","RP","Orbitrap","HighRes",1.0217208067951922,FALSE
"DB",6,"09","Cer 18:1;O2/24:1","OTHER","FIA","QQQ","LowRes",0.7645669358055007,FALSE
"DB",7,"10a","Cer 18:1;O2/24:1","SOP","RP","QQQ","LowRes",0.5551372528184545,FALSE
"DB",7,"10b","Cer 18:1;O2/24:1","OTHER","RP","QQQ","LowRes",0.6803612888797683,FALSE
"DB",8,"12","Cer 18:1;O2/24:1","SOP","RP","QQQ","LowRes",0.6930887034185624,FALSE
"DB",9,"13","Cer 18:1;O2/24:1","OTHER","RP","QQQ","LowRes",0.45850292459048003,FALSE
"DB",10,"14","Cer 18:1;O2/24:1","SOP","RP","QQQ","LowRes",0.9427873163273354,FALSE
"DB",11,"15","Cer 18:1;O2/24:1","SOP","RP","QQQ","LowRes",0.7747544865235445,FALSE
"DB",12,"16","Cer 18:1;O2/24:1","OTHER","RP","Orbitrap","HighRes",0.49348777153501966,FALSE
"DB",13,"17a","Cer 18:1;O2/24:1","OTHER","RP","TOF","HighRes",1.2519846343901189,FALSE
"DB",14,"18a","Cer 18:1;O2/24:1","SOP","RP","QQQ","LowRes",0.9537158440967793,FALSE
"DB",14,"18b","Cer 18:1;O2/24:1","SOP","RP","QQQ","LowRes",0.9346358717345319,FALSE
"DB",15,"19","Cer 18:1;O2/24:1","SOP","RP","QQQ","LowRes",0.6890370741930375,FALSE
"DB",16,"20a","Cer 18:1;O2/24:1","SOP","RP","QQQ","LowRes",0.8233147188935233,FALSE
"DB",16,"20b","Cer 18:1;O2/24:1","OTHER","RP","QQQ","LowRes",0.8557564497750986,FALSE
"DB",17,"21","Cer 18:1;O2/24:1","SOP","RP","QQQ","LowRes",0.9300632847849559,FALSE
"DB",18,"22","Cer 18:1;O2/24:1","SOP","RP","QQQ","LowRes",0.8331182315192496,FALSE
"DB",19,"23","Cer 18:1;O2/24:1","SOP","RP","QQQ","LowRes",1.0781605018349953,FALSE
"DB",20,"24","Cer 18:1;O2/24:1","SOP","RP","QQQ","LowRes",0.24738152264301572,TRUE
"DB",21,"25","Cer 18:1;O2/24:1","SOP","RP","QQQ","LowRes",0.8255057958893031,FALSE
"DB",22,"26a","Cer 18:1;O2/24:1","OTHER","FIA","Orbitrap","HighRes",1.0999874979039177,FALSE
"DB",22,"26b","Cer 18:1;O2/24:1","OTHER","FIA","QQQ","LowRes",0.9379510931608621,FALSE
"DB",23,"27","Cer 18:1;O2/24:1","SOP","RP","QQQ","LowRes",0.734027080268989,FALSE
"DB",24,"28","Cer 18:1;O2/24:1","SOP","RP","QQQ","LowRes",0.852635079056335,FALSE
"DB",25,"29a","Cer 18:1;O2/24:1","SOP","RP","TOF","HighRes",0.8581075253760528,FALSE
"DB",25,"29b","Cer 18:1;O2/24:1","OTHER","SFC","QQQ","LowRes",1.2479520551315784,FALSE
"DB",26,"30","Cer 18:1;O2/24:1","SOP","RP","QQQ","LowRes",0.8515649731120049,FALSE
"DB",27,"31","Cer 18:1;O2/24:1","SOP","RP","QQQ","LowRes",1.0492587287753357,FALSE
"DB",28,"32","Cer 18:1;O2/24:1","OTHER","RP","TOF","HighRes",1.3681576427068554,TRUE
"DB",29,"33","Cer 18:1;O2/24:1","OTHER","RP","QQQ","LowRes",0.8853904123658355,FALSE
"DB",30,"34","Cer 18:1;O2/24:1","SOP","RP","QQQ","LowRes",0.8477371284352967,FALSE
"DB",31,"35","Cer 18:1;O2/24:1","OTHER","RP","QQQ","LowRes",0.714684151459667,FALSE
"DB",32,"36","Cer 18:1;O2/24:1","SOP","RP","QQQ","LowRes",0.8484701444661341,FALSE
"DB",33,"37","Cer 18:1;O2/24:1","OTHER","RP","QQQ","LowRes",0.5653137195976727,FALSE
"DB",34,"38","Cer 18:1;O2/24:1","SOP","RP","QQQ","LowRes",0.16248624817576957,TRUE
"YAA",1,"02b","Cer 18:1;O2/16:0","SOP","RP","QQQ","LowRes",0.24842609688598377,FALSE
"YAA",2,"03","Cer 18:1;O2/16:0","OTHER","RP","QQQ","LowRes",0.18201404049192627,FALSE
"YAA",3,"04","Cer 18:1;O2/16:0","SOP","RP","QQQ","LowRes",0.195383956735517,FALSE
"YAA",4,"05","Cer 18:1;O2/16:0","OTHER","RP","QQQ","LowRes",0.23634317310572606,FALSE
"YAA",5,"07","Cer 18:1;O2/16:0","OTHER","RP","Orbitrap","HighRes",0.3250252352550795,TRUE
"YAA",6,"09","Cer 18:1;O2/16:0","OTHER","FIA","QQQ","LowRes",0.21468846737661115,FALSE
"YAA",7,"10a","Cer 18:1;O2/16:0","SOP","RP","QQQ","LowRes",0.23457779275492746,FALSE
"YAA",7,"10b","Cer 18:1;O2/16:0","OTHER","RP","QQQ","LowRes",0.2042248996959827,FALSE
"YAA",8,"12","Cer 18:1;O2/16:0","SOP","RP","QQQ","LowRes",0.16512725209171927,FALSE
"YAA",9,"13","Cer 18:1;O2/16:0","OTHER","RP","QQQ","LowRes",0.150467055616873,FALSE
"YAA",10,"14","Cer 18:1;O2/16:0","SOP","RP","QQQ","LowRes",0.23255285105155193,FALSE
"YAA",11,"15","Cer 18:1;O2/16:0","SOP","RP","QQQ","LowRes",0.21056226335759393,FALSE
"YAA",12,"16","Cer 18:1;O2/16:0","OTHER","RP","Orbitrap","HighRes",0.21502183938228156,FALSE
"YAA",13,"17a","Cer 18:1;O2/16:0","OTHER","RP","TOF","HighRes",0.18515161315186013,FALSE
"YAA",14,"18a","Cer 18:1;O2/16:0","SOP","RP","QQQ","LowRes",0.21035866834896422,FALSE
"YAA",14,"18b","Cer 18:1;O2/16:0","SOP","RP","QQQ","LowRes",0.21352243091110912,FALSE
"YAA",15,"19","Cer 18:1;O2/16:0","SOP","RP","QQQ","LowRes",0.14723879325189354,FALSE
"YAA",16,"20a","Cer 18:1;O2/16:0","SOP","RP","QQQ","LowRes",0.18359236736424311,FALSE
"YAA",16,"20b","Cer 18:1;O2/16:0","OTHER","RP","QQQ","LowRes",0.2081943257536277,FALSE
"YAA",17,"21","Cer 18:1;O2/16:0","SOP","RP","QQQ","LowRes",0.23537683148768498,FALSE
"YAA",18,"22","Cer 18:1;O2/16:0","SOP","RP","QQQ","LowRes",0.20947219002626832,FALSE
"YAA",19,"23","Cer 18:1;O2/16:0","SOP","RP","QQQ","LowRes",0.22487006721666666,FALSE
"YAA",20,"24","Cer 18:1;O2/16:0","SOP","RP","QQQ","LowRes",0.24831049581558198,FALSE
"YAA",21,"25","Cer 18:1;O2/16:0","SOP","RP","QQQ","LowRes",0.224399765764736,FALSE
"YAA",22,"26a","Cer 18:1;O2/16:0","OTHER","FIA","Orbitrap","HighRes",0.39339524546887944,TRUE
"YAA",22,"26b","Cer 18:1;O2/16:0","OTHER","FIA","QQQ","LowRes",0.20599081118744206,FALSE
"YAA",23,"27","Cer 18:1;O2/16:0","SOP","RP","QQQ","LowRes",0.19582237255441504,FALSE
"YAA",24,"28","Cer 18:1;O2/16:0","SOP","RP","QQQ","LowRes",0.24028351110863297,FALSE
"YAA",25,"29a","Cer 18:1;O2/16:0","SOP","RP","TOF","HighRes",0.19409372490603155,FALSE
"YAA",25,"29b","Cer 18:1;O2/16:0","OTHER","SFC","QQQ","LowRes",0.23154975724692767,FALSE
"YAA",26,"30","Cer 18:1;O2/16:0","SOP","RP","QQQ","LowRes",0.35127141363768605,TRUE
"YAA",27,"31","Cer 18:1;O2/16:0","SOP","RP","QQQ","LowRes",0.23748347213079518,FALSE
"YAA",28,"32","Cer 18:1;O2/16:0","OTHER","RP","TOF","HighRes",0.27922079534268135,FALSE
"YAA",29,"33","Cer 18:1;O2/16:0","OTHER","RP","QQQ","LowRes",0.23293990363982825,FALSE
"YAA",30,"34","Cer 18:1;O2/16:0","SOP","RP","QQQ","LowRes",0.21567434157260515,FALSE
"YAA",31,"35","Cer 18:1;O2/16:0","OTHER","RP","QQQ","LowRes",0.20897320039863698,FALSE
"YAA",32,"36","Cer 18:1;O2/16:0","SOP","RP","QQQ","LowRes",0.2096101043001854,FALSE
"YAA",33,"37","Cer 18:1;O2/16:0","OTHER","RP","QQQ","LowRes",0.04681817628297137,TRUE
"YAA",34,"38","Cer 18:1;O2/16:0","SOP","RP","QQQ","LowRes",0.04278404701003612,TRUE
"YAA",1,"02b","Cer 18:1;O2/18:0","SOP","RP","QQQ","LowRes",0.03699494642402784,FALSE
"YAA",2,"03","Cer 18:1;O2/18:0","OTHER","RP","QQQ","LowRes",0.06828825633833424,TRUE
"YAA",3,"04","Cer 18:1;O2/18:0","SOP","RP","QQQ","LowRes",0.029003900458028923,FALSE
"YAA",4,"05","Cer 18:1;O2/18:0","OTHER","RP","QQQ","LowRes",0.030178621969077654,FALSE
"YAA",5,"07","Cer 18:1;O2/18:0","OTHER","RP","Orbitrap","HighRes",0.03258376889790225,FALSE
"YAA",6,"09","Cer 18:1;O2/18:0","OTHER","FIA","QQQ","LowRes",0.02856947480058386,FALSE
"YAA",7,"10a","Cer 18:1;O2/18:0","SOP","RP","QQQ","LowRes",0.03557142957314192,FALSE
"YAA",7,"10b","Cer 18:1;O2/18:0","OTHER","RP","QQQ","LowRes",0.02711568717776701,FALSE
"YAA",8,"12","Cer 18:1;O2/18:0","SOP","RP","QQQ","LowRes",0.03873716549153314,FALSE
"YAA",9,"13","Cer 18:1;O2/18:0","OTHER","RP","QQQ","LowRes",0.05042570686186062,TRUE
"YAA",10,"14","Cer 18:1;O2/18:0","SOP","RP","QQQ","LowRes",0.03228633890652179,FALSE
"YAA",11,"15","Cer 18:1;O2/18:0","SOP","RP","QQQ","LowRes",0.03304288014236814,FALSE
"YAA",12,"16","Cer 18:1;O2/18:0","OTHER","RP","Orbitrap","HighRes",0.029066684454926373,FALSE
"YAA",13,"17a","Cer 18:1;O2/18:0","OTHER","RP","TOF","HighRes",0.04277475883854922,FALSE
"YAA",14,"18a","Cer 18:1;O2/18:0","SOP","RP","QQQ","LowRes",0.03456625149394271,FALSE
"YAA",14,"18b","Cer 18:1;O2/18:0","SOP","RP","QQQ","LowRes",0.026630220212867654,FALSE
"YAA",15,"19","Cer 18:1;O2/18:0","SOP","RP","QQQ","LowRes",0.030850062181708493,FALSE
"YAA",16,"20a","Cer 18:1;O2/18:0","SOP","RP","QQQ","LowRes",0.029908993144086946,FALSE
"YAA",16,"20b","Cer 18:1;O2/18:0","OTHER","RP","QQQ","LowRes",0.030172145123770377,FALSE
"YAA",17,"21","Cer 18:1;O2/18:0","SOP","RP","QQQ","LowRes",0.03557407736176655,FALSE
"YAA",18,"22","Cer 18:1;O2/18:0","SOP","RP","QQQ","LowRes",0.03200588530085166,FALSE
"YAA",19,"23","Cer 18:1;O2/18:0","SOP","RP","QQQ","LowRes",0.03741868733320156,FALSE
"YAA",20,"24","Cer 18:1;O2/18:0","SOP","RP","QQQ","LowRes",0.04096703514253472,FALSE
"YAA",21,"25","Cer 18:1;O2/18:0","SOP","RP","QQQ","LowRes",0.03022629595458783,FALSE
"YAA",22,"26a","Cer 18:1;O2/18:0","OTHER","FIA","Orbitrap","HighRes",0.05564386556231153,TRUE
"YAA",22,"26b","Cer 18:1;O2/18:0","OTHER","FIA","QQQ","LowRes",0.01237529495582646,TRUE
"YAA",23,"27","Cer 18:1;O2/18:0","SOP","RP","QQQ","LowRes",0.02983980715138508,FALSE
"YAA",24,"28","Cer 18:1;O2/18:0","SOP","RP","QQQ","LowRes",0.03396756706787488,FALSE
"YAA",25,"29a","Cer 18:1;O2/18:0","SOP","RP","TOF","HighRes",0.02946945101288323,FALSE
"YAA",25,"29b","Cer 18:1;O2/18:0","OTHER","SFC","QQQ","LowRes",0.04115605312237278,FALSE
"YAA",26,"30","Cer 18:1;O2/18:0","SOP","RP","QQQ","LowRes",0.0363981942172262,FALSE
"YAA",27,"31","Cer 18:1;O2/18:0","SOP","RP","QQQ","LowRes",0.036595549208696364,FALSE
"YAA",28,"32","Cer 18:1;O2/18:0","OTHER","RP","TOF","HighRes",0.06893071259770844,TRUE
"YAA",29,"33","Cer 18:1;O2/18:0","OTHER","RP","QQQ","LowRes",0.035526792011451175,FALSE
"YAA",30,"34","Cer 18:1;O2/18:0","SOP","RP","QQQ","LowRes",0.029891258128542535,FALSE
"YAA",31,"35","Cer 18:1;O2/18:0","OTHER","RP","QQQ","LowRes",0.028784893077622296,FALSE
"YAA",32,"36","Cer 18:1;O2/18:0","SOP","RP","QQQ","LowRes",0.031370700672320485,FALSE
"YAA",33,"37","Cer 18:1;O2/18:0","OTHER","RP","QQQ","LowRes",0.03375144858118287,FALSE
"YAA",34,"38","Cer 18:1;O2/18:0","SOP","RP","QQQ","LowRes",0.006308319726509176,TRUE
"YAA",1,"02b","Cer 18:1;O2/24:0","SOP","RP","QQQ","LowRes",2.032120268045924,FALSE
"YAA",2,"03","Cer 18:1;O2/24:0","OTHER","RP","QQQ","LowRes",4.606078458584046,TRUE
"YAA",3,"04","Cer 18:1;O2/24:0","SOP","RP","QQQ","LowRes",1.878653886134573,FALSE
"YAA",4,"05","Cer 18:1;O2/24:0","OTHER","RP","QQQ","LowRes",0.4339670980345088,TRUE
"YAA",5,"07","Cer 18:1;O2/24:0","OTHER","RP","Orbitrap","HighRes",1.7376791435669168,FALSE
"YAA",6,"09","Cer 18:1;O2/24:0","OTHER","FIA","QQQ","LowRes",1.4906128733826485,FALSE
"YAA",7,"10a","Cer 18:1;O2/24:0","SOP","RP","QQQ","LowRes",1.5063285580979449,FALSE
"YAA",7,"10b","Cer 18:1;O2/24:0","OTHER","RP","QQQ","LowRes",1.592901330955329,FALSE
"YAA",8,"12","Cer 18:1;O2/24:0","SOP","RP","QQQ","LowRes",1.4562503727031415,FALSE
"YAA",9,"13","Cer 18:1;O2/24:0","OTHER","RP","QQQ","LowRes",1.3298806400421215,FALSE
"YAA",10,"14","Cer 18:1;O2/24:0","SOP","RP","QQQ","LowRes",1.9624783146164906,FALSE
"YAA",11,"15","Cer 18:1;O2/24:0","SOP","RP","QQQ","LowRes",1.6421494634241618,FALSE
"YAA",12,"16","Cer 18:1;O2/24:0","OTHER","RP","Orbitrap","HighRes",1.6853471223583547,FALSE
"YAA",13,"17a","Cer 18:1;O2/24:0","OTHER","RP","TOF","HighRes",1.7050532751152172,FALSE
"YAA",14,"18a","Cer 18:1;O2/24:0","SOP","RP","QQQ","LowRes",1.7247504512406928,FALSE
"YAA",14,"18b","Cer 18:1;O2/24:0","SOP","RP","QQQ","LowRes",1.837156625319957,FALSE
"YAA",15,"19","Cer 18:1;O2/24:0","SOP","RP","QQQ","LowRes",1.7126760432684032,FALSE
"YAA",16,"20a","Cer 18:1;O2/24:0","SOP","RP","QQQ","LowRes",1.6919471289880552,FALSE
"YAA",16,"20b","Cer 18:1;O2/24:0","OTHER","RP","QQQ","LowRes",1.7092607286689079,FALSE
"YAA",17,"21","Cer 18:1;O2/24:0","SOP","RP","QQQ","LowRes",1.9920589009497978,FALSE
"YAA",18,"22","Cer 18:1;O2/24:0","SOP","RP","QQQ","LowRes",1.801677013716993,FALSE
"YAA",19,"23","Cer 18:1;O2/24:0","SOP","RP","QQQ","LowRes",1.9287591444771397,FALSE
"YAA",20,"24","Cer 18:1;O2/24:0","SOP","RP","QQQ","LowRes",0.5530098433075576,TRUE
"YAA",21,"25","Cer 18:1;O2/24:0","SOP","RP","QQQ","LowRes",1.7831872702984797,FALSE
"YAA",22,"26a","Cer 18:1;O2/24:0","OTHER","FIA","Orbitrap","HighRes",2.091290341988581,FALSE
"YAA",22,"26b","Cer 18:1;O2/24:0","OTHER","FIA","QQQ","LowRes",1.942167949216968,FALSE
"YAA",23,"27","Cer 18:1;O2/24:0","SOP","RP","QQQ","LowRes",1.6135386556360982,FALSE
"YAA",24,"28","Cer 18:1;O2/24:0","SOP","RP","QQQ","LowRes",1.7704114156850685,FALSE
"YAA",25,"29a","Cer 18:1;O2/24:0","SOP","RP","TOF","HighRes",1.7423379284281817,FALSE
"YAA",25,"29b","Cer 18:1;O2/24:0","OTHER","SFC","QQQ","LowRes",1.728206633050648,FALSE
"YAA",26,"30","Cer 18:1;O2/24:0","SOP","RP","QQQ","LowRes",1.6229556326452736,FALSE
"YAA",27,"31","Cer 18:1;O2/24:0","SOP","RP","QQQ","LowRes",2.721900251859049,TRUE
"YAA",28,"32","Cer 18:1;O2/24:0","OTHER","RP","TOF","HighRes",1.8757118463825078,FALSE
"YAA",29,"33","Cer 18:1;O2/24:0","OTHER","RP","QQQ","LowRes",1.7591267081266369,FALSE
"YAA",30,"34","Cer 18:1;O2/24:0","SOP","RP","QQQ","LowRes",1.8721717290294806,FALSE
"YAA",31,"35","Cer 18:1;O2/24:0","OTHER","RP","QQQ","LowRes",1.5039507710318358,FALSE
"YAA",32,"36","Cer 18:1;O2/24:0","SOP","RP","QQQ","LowRes",1.813888348806445,FALSE
"YAA",33,"37","Cer 18:1;O2/24:0","OTHER","RP","QQQ","LowRes",1.325726128636503,FALSE
"YAA",34,"38","Cer 18:1;O2/24:0","SOP","RP","QQQ","LowRes",0.34706555219186724,TRUE
"YAA",1,"02b","Cer 18:1;O2/24:1","SOP","RP","QQQ","LowRes",0.5647531088575569,FALSE
"YAA",2,"03","Cer 18:1;O2/24:1","OTHER","RP","QQQ","LowRes",1.3713018425403536,TRUE
"YAA",3,"04","Cer 18:1;O2/24:1","SOP","RP","QQQ","LowRes",0.5552645251031261,FALSE
"YAA",4,"05","Cer 18:1;O2/24:1","OTHER","RP","QQQ","LowRes",0.15924870697982105,TRUE
"YAA",5,"07","Cer 18:1;O2/24:1","OTHER","RP","Orbitrap","HighRes",0.6041274132580297,FALSE
"YAA",6,"09","Cer 18:1;O2/24:1","OTHER","FIA","QQQ","LowRes",0.46601164714607773,FALSE
"YAA",7,"10a","Cer 18:1;O2/24:1","SOP","RP","QQQ","LowRes",0.3891639932850681,FALSE
"YAA",7,"10b","Cer 18:1;O2/24:1","OTHER","RP","QQQ","LowRes",0.46778803467765695,FALSE
"YAA",8,"12","Cer 18:1;O2/24:1","SOP","RP","QQQ","LowRes",0.4550777618749073,FALSE
"YAA",9,"13","Cer 18:1;O2/24:1","OTHER","RP","QQQ","LowRes",0.30330363735576793,FALSE
"YAA",10,"14","Cer 18:1;O2/24:1","SOP","RP","QQQ","LowRes",0.5952594535346142,FALSE
"YAA",11,"15","Cer 18:1;O2/24:1","SOP","RP","QQQ","LowRes",0.49941391948695124,FALSE
"YAA",12,"16","Cer 18:1;O2/24:1","OTHER","RP","Orbitrap","HighRes",0.31179586313488955,FALSE
"YAA",13,"17a","Cer 18:1;O2/24:1","OTHER","RP","TOF","HighRes",0.8965882285639386,TRUE
"YAA",14,"18a","Cer 18:1;O2/24:1","SOP","RP","QQQ","LowRes",0.6059472751626555,FALSE
"YAA",14,"18b","Cer 18:1;O2/24:1","SOP","RP","QQQ","LowRes",0.6001407214480744,FALSE
"YAA",15,"19","Cer 18:1;O2/24:1","SOP","RP","QQQ","LowRes",0.49881954415453705,FALSE
"YAA",16,"20a","Cer 18:1;O2/24:1","SOP","RP","QQQ","LowRes",0.5138953030970067,FALSE
"YAA",16,"20b","Cer 18:1;O2/24:1","OTHER","RP","QQQ","LowRes",0.5266804108565648,FALSE
"YAA",17,"21","Cer 18:1;O2/24:1","SOP","RP","QQQ","LowRes",0.5906043922742485,FALSE
"YAA",18,"22","Cer 18:1;O2/24:1","SOP","RP","QQQ","LowRes",0.5399716950657972,FALSE
"YAA",19,"23","Cer 18:1;O2/24:1","SOP","RP","QQQ","LowRes",0.6146724133079365,FALSE
"YAA",20,"24","Cer 18:1;O2/24:1","SOP","RP","QQQ","LowRes",0.15875426757136263,TRUE
"YAA",21,"25","Cer 18:1;O2/24:1","SOP","RP","QQQ","LowRes",0.5062260815548212,FALSE
"YAA",22,"26a","Cer 18:1;O2/24:1","OTHER","FIA","Orbitrap","HighRes",0.7286654369154527,FALSE
"YAA",22,"26b","Cer 18:1;O2/24:1","OTHER","FIA","QQQ","LowRes",0.6141738302122477,FALSE
"YAA",23,"27","Cer 18:1;O2/24:1","SOP","RP","QQQ","LowRes",0.48075018019050997,FALSE
"YAA",24,"28","Cer 18:1;O2/24:1","SOP","RP","QQQ","LowRes",0.5444177738524862,FALSE
"YAA",25,"29a","Cer 18:1;O2/24:1","SOP","RP","TOF","HighRes",0.53886576990287,FALSE
"YAA",25,"29b","Cer 18:1;O2/24:1","OTHER","SFC","QQQ","LowRes",0.7997520663632669,FALSE
"YAA",26,"30","Cer 18:1;O2/24:1","SOP","RP","QQQ","LowRes",0.6353969178246789,FALSE
"YAA",27,"31","Cer 18:1;O2/24:1","SOP","RP","QQQ","LowRes",0.6344796070266431,FALSE
"YAA",28,"32","Cer 18:1;O2/24:1","OTHER","RP","TOF","HighRes",0.8579102750942278,TRUE
"YAA",29,"33","Cer 18:1;O2/24:1","OTHER","RP","QQQ","LowRes",0.5237721805723476,FALSE
"YAA",30,"34","Cer 18:1;O2/24:1","SOP","RP","QQQ","LowRes",0.5226557961144512,FALSE
"YAA",31,"35","Cer 18:1;O2/24:1","OTHER","RP","QQQ","LowRes",0.4607098161346469,FALSE
"YAA",32,"36","Cer 18:1;O2/24:1","SOP","RP","QQQ","LowRes",0.5450510490168601,FALSE
"YAA",33,"37","Cer 18:1;O2/24:1","OTHER","RP","QQQ","LowRes",0.3612040014016461,FALSE
"YAA",34,"38","Cer 18:1;O2/24:1","SOP","RP","QQQ","LowRes",0.1074749331562337,TRUE
