"SampleType","LabNum","LabId","CeramideName","Protocol","LC","MassAnalyzerType","MassAnalyzerResolution","ConcMultiPoint","Outlier"
"SRM",1,"02b","Cer 18:1;O2/16:0","SOP","RP","QQQ","LowRes",0.2666649529589094,FALSE
"SRM",2,"03","Cer 18:1;O2/16:0","OTHER","RP","QQQ","LowRes",0.220742660592977,FALSE
"SRM",3,"04","Cer 18:1;O2/16:0","SOP","RP","QQQ","LowRes",0.2653416272459629,FALSE
"SRM",4,"05","Cer 18:1;O2/16:0","OTHER","RP","QQQ","LowRes",0.256300488323121,FALSE
"SRM",5,"07","Cer 18:1;O2/16:0","OTHER","RP","Orbitrap","HighRes",0.33255158203379376,TRUE
"SRM",6,"09","Cer 18:1;O2/16:0","OTHER","FIA","QQQ","LowRes",0.24374312195166842,FALSE
"SRM",7,"10a","Cer 18:1;O2/16:0","SOP","RP","QQQ","LowRes",0.17745334010291033,FALSE
"SRM",7,"10b","Cer 18:1;O2/16:0","OTHER","RP","QQQ","LowRes",0.1906542116128439,FALSE
"SRM",8,"12","Cer 18:1;O2/16:0","SOP","RP","QQQ","LowRes",0.2564766061780286,FALSE
"SRM",9,"13","Cer 18:1;O2/16:0","OTHER","RP","QQQ","LowRes",0.20357702681545586,FALSE
"SRM",10,"14","Cer 18:1;O2/16:0","SOP","RP","QQQ","LowRes",0.22813431710731677,FALSE
"SRM",11,"15","Cer 18:1;O2/16:0","SOP","RP","QQQ","LowRes",0.24684474927627825,FALSE
"SRM",12,"16","Cer 18:1;O2/16:0","OTHER","RP","Orbitrap","HighRes",0.2403801023767633,FALSE
"SRM",13,"17a","Cer 18:1;O2/16:0","OTHER","RP","TOF","HighRes",0.2868440082314936,FALSE
"SRM",14,"18a","Cer 18:1;O2/16:0","SOP","RP","QQQ","LowRes",0.23748680953620094,FALSE
"SRM",14,"18b","Cer 18:1;O2/16:0","SOP","RP","QQQ","LowRes",0.249752890501049,FALSE
"SRM",15,"19","Cer 18:1;O2/16:0","SOP","RP","QQQ","LowRes",0.2803449282463398,FALSE
"SRM",16,"20a","Cer 18:1;O2/16:0","SOP","RP","QQQ","LowRes",0.24807004978953112,FALSE
"SRM",16,"20b","Cer 18:1;O2/16:0","OTHER","RP","QQQ","LowRes",0.26216829052585555,FALSE
"SRM",17,"21","Cer 18:1;O2/16:0","SOP","RP","QQQ","LowRes",0.4779899123247745,TRUE
"SRM",18,"22","Cer 18:1;O2/16:0","SOP","RP","QQQ","LowRes",0.2495407172373891,FALSE
"SRM",19,"23","Cer 18:1;O2/16:0","SOP","RP","QQQ","LowRes",0.25760195131175984,FALSE
"SRM",20,"24","Cer 18:1;O2/16:0","SOP","RP","QQQ","LowRes",0.23795220457008684,FALSE
"SRM",21,"25","Cer 18:1;O2/16:0","SOP","RP","QQQ","LowRes",0.2820450151826029,FALSE
"SRM",22,"26a","Cer 18:1;O2/16:0","OTHER","FIA","Orbitrap","HighRes",0.3227019872302249,FALSE
"SRM",22,"26b","Cer 18:1;O2/16:0","OTHER","FIA","QQQ","LowRes",0.19282811691551766,FALSE
"SRM",23,"27","Cer 18:1;O2/16:0","SOP","RP","QQQ","LowRes",0.19051346269422287,FALSE
"SRM",24,"28","Cer 18:1;O2/16:0","SOP","RP","QQQ","LowRes",0.19874074705949446,FALSE
"SRM",25,"29a","Cer 18:1;O2/16:0","SOP","RP","TOF","HighRes",0.2516875829386266,FALSE
"SRM",25,"29b","Cer 18:1;O2/16:0","OTHER","SFC","QQQ","LowRes",0.23854578695888268,FALSE
"SRM",26,"30","Cer 18:1;O2/16:0","SOP","RP","QQQ","LowRes",0.31179456235183284,FALSE
"SRM",27,"31","Cer 18:1;O2/16:0","SOP","RP","QQQ","LowRes",0.23556537139992276,FALSE
"SRM",28,"32","Cer 18:1;O2/16:0","OTHER","RP","TOF","HighRes",0.3429602694602282,TRUE
"SRM",29,"33","Cer 18:1;O2/16:0","OTHER","RP","QQQ","LowRes",0.2656803260700053,FALSE
"SRM",30,"34","Cer 18:1;O2/16:0","SOP","RP","QQQ","LowRes",0.20984590208088863,FALSE
"SRM",31,"35","Cer 18:1;O2/16:0","OTHER","RP","QQQ","LowRes",0.21428495582355905,FALSE
"SRM",32,"36","Cer 18:1;O2/16:0","SOP","RP","QQQ","LowRes",0.23764322692321196,FALSE
"SRM",33,"37","Cer 18:1;O2/16:0","OTHER","RP","QQQ","LowRes",0.2761451574262022,FALSE
"SRM",34,"38","Cer 18:1;O2/16:0","SOP","RP","QQQ","LowRes",0.06246144695150027,TRUE
"SRM",1,"02b","Cer 18:1;O2/18:0","SOP","RP","QQQ","LowRes",0.08811796913170263,FALSE
"SRM",2,"03","Cer 18:1;O2/18:0","OTHER","RP","QQQ","LowRes",0.08661782724105432,FALSE
"SRM",3,"04","Cer 18:1;O2/18:0","SOP","RP","QQQ","LowRes",0.09091235379745959,FALSE
"SRM",4,"05","Cer 18:1;O2/18:0","OTHER","RP","QQQ","LowRes",0.09551632529169354,FALSE
"SRM",5,"07","Cer 18:1;O2/18:0","OTHER","RP","Orbitrap","HighRes",0.08313686647956703,FALSE
"SRM",6,"09","Cer 18:1;O2/18:0","OTHER","FIA","QQQ","LowRes",0.09560684140241188,FALSE
"SRM",7,"10a","Cer 18:1;O2/18:0","SOP","RP","QQQ","LowRes",0.062172647052979264,FALSE
"SRM",7,"10b","Cer 18:1;O2/18:0","OTHER","RP","QQQ","LowRes",0.056563504033617,TRUE
"SRM",8,"12","Cer 18:1;O2/18:0","SOP","RP","QQQ","LowRes",0.10498733753287855,FALSE
"SRM",9,"13","Cer 18:1;O2/18:0","OTHER","RP","QQQ","LowRes",0.1255507602238306,TRUE
"SRM",10,"14","Cer 18:1;O2/18:0","SOP","RP","QQQ","LowRes",0.08346183722672167,FALSE
"SRM",11,"15","Cer 18:1;O2/18:0","SOP","RP","QQQ","LowRes",0.0871282795685367,FALSE
"SRM",12,"16","Cer 18:1;O2/18:0","OTHER","RP","Orbitrap","HighRes",0.07759795022813448,FALSE
"SRM",13,"17a","Cer 18:1;O2/18:0","OTHER","RP","TOF","HighRes",0.11866258325883221,TRUE
"SRM",14,"18a","Cer 18:1;O2/18:0","SOP","RP","QQQ","LowRes",0.08251312372042854,FALSE
"SRM",14,"18b","Cer 18:1;O2/18:0","SOP","RP","QQQ","LowRes",0.0892348617999863,FALSE
"SRM",15,"19","Cer 18:1;O2/18:0","SOP","RP","QQQ","LowRes",0.08221285729572876,FALSE
"SRM",16,"20a","Cer 18:1;O2/18:0","SOP","RP","QQQ","LowRes",0.07358607769477864,FALSE
"SRM",16,"20b","Cer 18:1;O2/18:0","OTHER","RP","QQQ","LowRes",0.07935442284700196,FALSE
"SRM",17,"21","Cer 18:1;O2/18:0","SOP","RP","QQQ","LowRes",0.18143217733042902,TRUE
"SRM",18,"22","Cer 18:1;O2/18:0","SOP","RP","QQQ","LowRes",0.08847002770852753,FALSE
"SRM",19,"23","Cer 18:1;O2/18:0","SOP","RP","QQQ","LowRes",0.0905278164698861,FALSE
"SRM",20,"24","Cer 18:1;O2/18:0","SOP","RP","QQQ","LowRes",0.08662268829180139,FALSE
"SRM",21,"25","Cer 18:1;O2/18:0","SOP","RP","QQQ","LowRes",0.09215011829994901,FALSE
"SRM",22,"26a","Cer 18:1;O2/18:0","OTHER","FIA","Orbitrap","HighRes",0.13924232188339922,TRUE
"SRM",22,"26b","Cer 18:1;O2/18:0","OTHER","FIA","QQQ","LowRes",0.05206764459336386,TRUE
"SRM",23,"27","Cer 18:1;O2/18:0","SOP","RP","QQQ","LowRes",0.05912350985571432,FALSE
"SRM",24,"28","Cer 18:1;O2/18:0","SOP","RP","QQQ","LowRes",0.07730221575010324,FALSE
"SRM",25,"29a","Cer 18:1;O2/18:0","SOP","RP","TOF","HighRes",0.0821822888651227,FALSE
"SRM",25,"29b","Cer 18:1;O2/18:0","OTHER","SFC","QQQ","LowRes",0.0910023974354279,FALSE
"SRM",26,"30","Cer 18:1;O2/18:0","SOP","RP","QQQ","LowRes",0.08312023319096354,FALSE
"SRM",27,"31","Cer 18:1;O2/18:0","SOP","RP","QQQ","LowRes",0.07684009588126577,FALSE
"SRM",28,"32","Cer 18:1;O2/18:0","OTHER","RP","TOF","HighRes",0.14630487355518065,TRUE
"SRM",29,"33","Cer 18:1;O2/18:0","OTHER","RP","QQQ","LowRes",0.08573856486759511,FALSE
"SRM",30,"34","Cer 18:1;O2/18:0","SOP","RP","QQQ","LowRes",0.07143812362245587,FALSE
"SRM",31,"35","Cer 18:1;O2/18:0","OTHER","RP","QQQ","LowRes",0.06743254974442298,FALSE
"SRM",32,"36","Cer 18:1;O2/18:0","SOP","RP","QQQ","LowRes",0.08439855430352991,FALSE
"SRM",33,"37","Cer 18:1;O2/18:0","OTHER","RP","QQQ","LowRes",0.08911761515560399,FALSE
"SRM",34,"38","Cer 18:1;O2/18:0","SOP","RP","QQQ","LowRes",0.01993204742308436,TRUE
"SRM",1,"02b","Cer 18:1;O2/24:0","SOP","RP","QQQ","LowRes",2.641395627572555,FALSE
"SRM",2,"03","Cer 18:1;O2/24:0","OTHER","RP","QQQ","LowRes",2.673087438274486,FALSE
"SRM",3,"04","Cer 18:1;O2/24:0","SOP","RP","QQQ","LowRes",2.5341101287421823,FALSE
"SRM",4,"05","Cer 18:1;O2/24:0","OTHER","RP","QQQ","LowRes",2.6410235295898468,FALSE
"SRM",5,"07","Cer 18:1;O2/24:0","OTHER","RP","Orbitrap","HighRes",2.359477905232679,FALSE
"SRM",6,"09","Cer 18:1;O2/24:0","OTHER","FIA","QQQ","LowRes",2.432094099268396,FALSE
"SRM",7,"10a","Cer 18:1;O2/24:0","SOP","RP","QQQ","LowRes",2.0087585201185982,FALSE
"SRM",7,"10b","Cer 18:1;O2/24:0","OTHER","RP","QQQ","LowRes",1.8483908257281254,FALSE
"SRM",8,"12","Cer 18:1;O2/24:0","SOP","RP","QQQ","LowRes",2.668067015407275,FALSE
"SRM",9,"13","Cer 18:1;O2/24:0","OTHER","RP","QQQ","LowRes",3.8980904215479644,TRUE
"SRM",10,"14","Cer 18:1;O2/24:0","SOP","RP","QQQ","LowRes",2.755734538852099,FALSE
"SRM",11,"15","Cer 18:1;O2/24:0","SOP","RP","QQQ","LowRes",3.201573159350197,TRUE
"SRM",12,"16","Cer 18:1;O2/24:0","OTHER","RP","Orbitrap","HighRes",2.3784355836522364,FALSE
"SRM",13,"17a","Cer 18:1;O2/24:0","OTHER","RP","TOF","HighRes",2.4368296603270214,FALSE
"SRM",14,"18a","Cer 18:1;O2/24:0","SOP","RP","QQQ","LowRes",2.2964732787254785,FALSE
"SRM",14,"18b","Cer 18:1;O2/24:0","SOP","RP","QQQ","LowRes",2.700141573200248,FALSE
"SRM",15,"19","Cer 18:1;O2/24:0","SOP","RP","QQQ","LowRes",2.1734779668431257,FALSE
"SRM",16,"20a","Cer 18:1;O2/24:0","SOP","RP","QQQ","LowRes",2.154435031312305,FALSE
"SRM",16,"20b","Cer 18:1;O2/24:0","OTHER","RP","QQQ","LowRes",2.335311092535689,FALSE
"SRM",17,"21","Cer 18:1;O2/24:0","SOP","RP","QQQ","LowRes",5.017349695409944,TRUE
"SRM",18,"22","Cer 18:1;O2/24:0","SOP","RP","QQQ","LowRes",2.5541113669347046,FALSE
"SRM",19,"23","Cer 18:1;O2/24:0","SOP","RP","QQQ","LowRes",2.4912265449169273,FALSE
"SRM",20,"24","Cer 18:1;O2/24:0","SOP","RP","QQQ","LowRes",2.344177262991946,FALSE
"SRM",21,"25","Cer 18:1;O2/24:0","SOP","RP","QQQ","LowRes",2.551263072337913,FALSE
"SRM",22,"26a","Cer 18:1;O2/24:0","OTHER","FIA","Orbitrap","HighRes",2.3137024405876123,FALSE
"SRM",22,"26b","Cer 18:1;O2/24:0","OTHER","FIA","QQQ","LowRes",2.125980078972781,FALSE
"SRM",23,"27","Cer 18:1;O2/24:0","SOP","RP","QQQ","LowRes",2.105912799264752,FALSE
"SRM",24,"28","Cer 18:1;O2/24:0","SOP","RP","QQQ","LowRes",3.1159979617649043,FALSE
"SRM",25,"29a","Cer 18:1;O2/24:0","SOP","RP","TOF","HighRes",2.4632942833879614,FALSE
"SRM",25,"29b","Cer 18:1;O2/24:0","OTHER","SFC","QQQ","LowRes",2.4847888041527884,FALSE
"SRM",26,"30","Cer 18:1;O2/24:0","SOP","RP","QQQ","LowRes",2.182432155163641,FALSE
"SRM",27,"31","Cer 18:1;O2/24:0","SOP","RP","QQQ","LowRes",2.52089418933685,FALSE
"SRM",28,"32","Cer 18:1;O2/24:0","OTHER","RP","TOF","HighRes",2.370427992914609,FALSE
"SRM",29,"33","Cer 18:1;O2/24:0","OTHER","RP","QQQ","LowRes",2.443894342051996,FALSE
"SRM",30,"34","Cer 18:1;O2/24:0","SOP","RP","QQQ","LowRes",2.171874527022937,FALSE
"SRM",31,"35","Cer 18:1;O2/24:0","OTHER","RP","QQQ","LowRes",2.152768216709057,FALSE
"SRM",32,"36","Cer 18:1;O2/24:0","SOP","RP","QQQ","LowRes",2.4932210864756605,FALSE
"SRM",33,"37","Cer 18:1;O2/24:0","OTHER","RP","QQQ","LowRes",2.48197538275134,FALSE
"SRM",34,"38","Cer 18:1;O2/24:0","SOP","RP","QQQ","LowRes",0.5399646932819553,TRUE
"SRM",1,"02b","Cer 18:1;O2/24:1","SOP","RP","QQQ","LowRes",0.9444254410701977,FALSE
"SRM",2,"03","Cer 18:1;O2/24:1","OTHER","RP","QQQ","LowRes",0.8550226037984381,FALSE
"SRM",3,"04","Cer 18:1;O2/24:1","SOP","RP","QQQ","LowRes",0.9160834305430262,FALSE
"SRM",4,"05","Cer 18:1;O2/24:1","OTHER","RP","QQQ","LowRes",0.9104073173364632,FALSE
"SRM",5,"07","Cer 18:1;O2/24:1","OTHER","RP","Orbitrap","HighRes",0.8833809121729819,FALSE
"SRM",6,"09","Cer 18:1;O2/24:1","OTHER","FIA","QQQ","LowRes",0.8914860628574304,FALSE
"SRM",7,"10a","Cer 18:1;O2/24:1","SOP","RP","QQQ","LowRes",0.7779072044531821,FALSE
"SRM",7,"10b","Cer 18:1;O2/24:1","OTHER","RP","QQQ","LowRes",0.5805061867412744,TRUE
"SRM",8,"12","Cer 18:1;O2/24:1","SOP","RP","QQQ","LowRes",0.9406935471460872,FALSE
"SRM",9,"13","Cer 18:1;O2/24:1","OTHER","RP","QQQ","LowRes",1.3790992517313216,TRUE
"SRM",10,"14","Cer 18:1;O2/24:1","SOP","RP","QQQ","LowRes",0.9213742205646583,FALSE
"SRM",11,"15","Cer 18:1;O2/24:1","SOP","RP","QQQ","LowRes",1.1676286325269656,TRUE
"SRM",12,"16","Cer 18:1;O2/24:1","OTHER","RP","Orbitrap","HighRes",0.894223354778217,FALSE
"SRM",13,"17a","Cer 18:1;O2/24:1","OTHER","RP","TOF","HighRes",1.0803285052063183,TRUE
"SRM",14,"18a","Cer 18:1;O2/24:1","SOP","RP","QQQ","LowRes",0.8231808785822361,FALSE
"SRM",14,"18b","Cer 18:1;O2/24:1","SOP","RP","QQQ","LowRes",0.8967160765150306,FALSE
"SRM",15,"19","Cer 18:1;O2/24:1","SOP","RP","QQQ","LowRes",0.8326807483099026,FALSE
"SRM",16,"20a","Cer 18:1;O2/24:1","SOP","RP","QQQ","LowRes",0.7632286176488936,FALSE
"SRM",16,"20b","Cer 18:1;O2/24:1","OTHER","RP","QQQ","LowRes",0.8488032413491504,FALSE
"SRM",17,"21","Cer 18:1;O2/24:1","SOP","RP","QQQ","LowRes",1.7906420827768499,TRUE
"SRM",18,"22","Cer 18:1;O2/24:1","SOP","RP","QQQ","LowRes",0.89927770218721,FALSE
"SRM",19,"23","Cer 18:1;O2/24:1","SOP","RP","QQQ","LowRes",0.873889058320375,FALSE
"SRM",20,"24","Cer 18:1;O2/24:1","SOP","RP","QQQ","LowRes",0.8484022857369975,FALSE
"SRM",21,"25","Cer 18:1;O2/24:1","SOP","RP","QQQ","LowRes",0.9007969365251952,FALSE
"SRM",22,"26a","Cer 18:1;O2/24:1","OTHER","FIA","Orbitrap","HighRes",0.9156655768484296,FALSE
"SRM",22,"26b","Cer 18:1;O2/24:1","OTHER","FIA","QQQ","LowRes",0.7516303466682605,FALSE
"SRM",23,"27","Cer 18:1;O2/24:1","SOP","RP","QQQ","LowRes",0.6807644922221503,FALSE
"SRM",24,"28","Cer 18:1;O2/24:1","SOP","RP","QQQ","LowRes",1.0196941120819218,FALSE
"SRM",25,"29a","Cer 18:1;O2/24:1","SOP","RP","TOF","HighRes",0.8562995243605397,FALSE
"SRM",25,"29b","Cer 18:1;O2/24:1","OTHER","SFC","QQQ","LowRes",1.2614930492429957,TRUE
"SRM",26,"30","Cer 18:1;O2/24:1","SOP","RP","QQQ","LowRes",0.8095196279799595,FALSE
"SRM",27,"31","Cer 18:1;O2/24:1","SOP","RP","QQQ","LowRes",0.8736072631967032,FALSE
"SRM",28,"32","Cer 18:1;O2/24:1","OTHER","RP","TOF","HighRes",1.2841929967640382,TRUE
"SRM",29,"33","Cer 18:1;O2/24:1","OTHER","RP","QQQ","LowRes",0.8488196705918843,FALSE
"SRM",30,"34","Cer 18:1;O2/24:1","SOP","RP","QQQ","LowRes",0.7505701333913144,FALSE
"SRM",31,"35","Cer 18:1;O2/24:1","OTHER","RP","QQQ","LowRes",0.7193226592927293,FALSE
"SRM",32,"36","Cer 18:1;O2/24:1","SOP","RP","QQQ","LowRes",0.8204550095522036,FALSE
"SRM",33,"37","Cer 18:1;O2/24:1","OTHER","RP","QQQ","LowRes",0.849404373988184,FALSE
"SRM",34,"38","Cer 18:1;O2/24:1","SOP","RP","QQQ","LowRes",0.1903455739356762,TRUE
"hTAG",1,"02b","Cer 18:1;O2/16:0","SOP","RP","QQQ","LowRes",0.32090756029275386,FALSE
"hTAG",2,"03","Cer 18:1;O2/16:0","OTHER","RP","QQQ","LowRes",0.26437628712056993,FALSE
"hTAG",3,"04","Cer 18:1;O2/16:0","SOP","RP","QQQ","LowRes",0.3066942193674691,FALSE
"hTAG",4,"05","Cer 18:1;O2/16:0","OTHER","RP","QQQ","LowRes",0.29595183443797224,FALSE
"hTAG",5,"07","Cer 18:1;O2/16:0","OTHER","RP","Orbitrap","HighRes",0.4351754333831931,TRUE
"hTAG",6,"09","Cer 18:1;O2/16:0","OTHER","FIA","QQQ","LowRes",0.2777024897520365,FALSE
"hTAG",7,"10a","Cer 18:1;O2/16:0","SOP","RP","QQQ","LowRes",0.18300807153392265,TRUE
"hTAG",7,"10b","Cer 18:1;O2/16:0","OTHER","RP","QQQ","LowRes",0.21340006792861804,FALSE
"hTAG",8,"12","Cer 18:1;O2/16:0","SOP","RP","QQQ","LowRes",0.31290024357836277,FALSE
"hTAG",9,"13","Cer 18:1;O2/16:0","OTHER","RP","QQQ","LowRes",0.2521894051388579,FALSE
"hTAG",10,"14","Cer 18:1;O2/16:0","SOP","RP","QQQ","LowRes",0.27768580298036355,FALSE
"hTAG",11,"15","Cer 18:1;O2/16:0","SOP","RP","QQQ","LowRes",0.2902270384390738,FALSE
"hTAG",12,"16","Cer 18:1;O2/16:0","OTHER","RP","Orbitrap","HighRes",0.2706958389528862,FALSE
"hTAG",13,"17a","Cer 18:1;O2/16:0","OTHER","RP","TOF","HighRes",0.3529957430457019,FALSE
"hTAG",14,"18a","Cer 18:1;O2/16:0","SOP","RP","QQQ","LowRes",0.2881588513279021,FALSE
"hTAG",14,"18b","Cer 18:1;O2/16:0","SOP","RP","QQQ","LowRes",0.2959483169228335,FALSE
"hTAG",15,"19","Cer 18:1;O2/16:0","SOP","RP","QQQ","LowRes",0.3067862503062536,FALSE
"hTAG",16,"20a","Cer 18:1;O2/16:0","SOP","RP","QQQ","LowRes",0.3387139055196966,FALSE
"hTAG",16,"20b","Cer 18:1;O2/16:0","OTHER","RP","QQQ","LowRes",0.30467831906628584,FALSE
"hTAG",17,"21","Cer 18:1;O2/16:0","SOP","RP","QQQ","LowRes",0.5293426770841017,TRUE
"hTAG",18,"22","Cer 18:1;O2/16:0","SOP","RP","QQQ","LowRes",0.2769813247112129,FALSE
"hTAG",19,"23","Cer 18:1;O2/16:0","SOP","RP","QQQ","LowRes",0.30111784592926044,FALSE
"hTAG",20,"24","Cer 18:1;O2/16:0","SOP","RP","QQQ","LowRes",0.2949179873690848,FALSE
"hTAG",21,"25","Cer 18:1;O2/16:0","SOP","RP","QQQ","LowRes",0.31569856315895034,FALSE
"hTAG",22,"26a","Cer 18:1;O2/16:0","OTHER","FIA","Orbitrap","HighRes",0.24008511345825012,FALSE
"hTAG",22,"26b","Cer 18:1;O2/16:0","OTHER","FIA","QQQ","LowRes",0.23286478735131577,FALSE
"hTAG",23,"27","Cer 18:1;O2/16:0","SOP","RP","QQQ","LowRes",0.21782243128299383,FALSE
"hTAG",24,"28","Cer 18:1;O2/16:0","SOP","RP","QQQ","LowRes",0.2604044656865236,FALSE
"hTAG",25,"29a","Cer 18:1;O2/16:0","SOP","RP","TOF","HighRes",0.2772364235521571,FALSE
"hTAG",25,"29b","Cer 18:1;O2/16:0","OTHER","SFC","QQQ","LowRes",0.2748073799963122,FALSE
"hTAG",26,"30","Cer 18:1;O2/16:0","SOP","RP","QQQ","LowRes",0.38777479468454473,FALSE
"hTAG",27,"31","Cer 18:1;O2/16:0","SOP","RP","QQQ","LowRes",0.29038247127902983,FALSE
"hTAG",28,"32","Cer 18:1;O2/16:0","OTHER","RP","TOF","HighRes",0.33444128989718536,FALSE
"hTAG",29,"33","Cer 18:1;O2/16:0","OTHER","RP","QQQ","LowRes",0.31775276090205645,FALSE
"hTAG",30,"34","Cer 18:1;O2/16:0","SOP","RP","QQQ","LowRes",0.2617932531564477,FALSE
"hTAG",31,"35","Cer 18:1;O2/16:0","OTHER","RP","QQQ","LowRes",0.24825666486824755,FALSE
"hTAG",32,"36","Cer 18:1;O2/16:0","SOP","RP","QQQ","LowRes",0.2851372331181307,FALSE
"hTAG",33,"37","Cer 18:1;O2/16:0","OTHER","RP","QQQ","LowRes",0.32101610870227315,FALSE
"hTAG",34,"38","Cer 18:1;O2/16:0","SOP","RP","QQQ","LowRes",0.10770263874962088,TRUE
"hTAG",1,"02b","Cer 18:1;O2/18:0","SOP","RP","QQQ","LowRes",0.10596716282107567,FALSE
"hTAG",2,"03","Cer 18:1;O2/18:0","OTHER","RP","QQQ","LowRes",0.10313627164036959,FALSE
"hTAG",3,"04","Cer 18:1;O2/18:0","SOP","RP","QQQ","LowRes",0.10730487518958169,FALSE
"hTAG",4,"05","Cer 18:1;O2/18:0","OTHER","RP","QQQ","LowRes",0.10694821736733874,FALSE
"hTAG",5,"07","Cer 18:1;O2/18:0","OTHER","RP","Orbitrap","HighRes",0.10686729166231718,FALSE
"hTAG",6,"09","Cer 18:1;O2/18:0","OTHER","FIA","QQQ","LowRes",0.10218313724006141,FALSE
"hTAG",7,"10a","Cer 18:1;O2/18:0","SOP","RP","QQQ","LowRes",0.07195754360591078,FALSE
"hTAG",7,"10b","Cer 18:1;O2/18:0","OTHER","RP","QQQ","LowRes",0.06243544156718765,TRUE
"hTAG",8,"12","Cer 18:1;O2/18:0","SOP","RP","QQQ","LowRes",0.12361751055693224,FALSE
"hTAG",9,"13","Cer 18:1;O2/18:0","OTHER","RP","QQQ","LowRes",0.14822337338930078,TRUE
"hTAG",10,"14","Cer 18:1;O2/18:0","SOP","RP","QQQ","LowRes",0.10287855356940112,FALSE
"hTAG",11,"15","Cer 18:1;O2/18:0","SOP","RP","QQQ","LowRes",0.09879136963460924,FALSE
"hTAG",12,"16","Cer 18:1;O2/18:0","OTHER","RP","Orbitrap","HighRes",0.08877983743639686,FALSE
"hTAG",13,"17a","Cer 18:1;O2/18:0","OTHER","RP","TOF","HighRes",0.14077751284109188,TRUE
"hTAG",14,"18a","Cer 18:1;O2/18:0","SOP","RP","QQQ","LowRes",0.10273141442072459,FALSE
"hTAG",14,"18b","Cer 18:1;O2/18:0","SOP","RP","QQQ","LowRes",0.0978318427627343,FALSE
"hTAG",15,"19","Cer 18:1;O2/18:0","SOP","RP","QQQ","LowRes",0.09687462560574271,FALSE
"hTAG",16,"20a","Cer 18:1;O2/18:0","SOP","RP","QQQ","LowRes",0.09349910670464995,FALSE
"hTAG",16,"20b","Cer 18:1;O2/18:0","OTHER","RP","QQQ","LowRes",0.09199122669007033,FALSE
"hTAG",17,"21","Cer 18:1;O2/18:0","SOP","RP","QQQ","LowRes",0.2002237103034885,TRUE
"hTAG",18,"22","Cer 18:1;O2/18:0","SOP","RP","QQQ","LowRes",0.09935406863544768,FALSE
"hTAG",19,"23","Cer 18:1;O2/18:0","SOP","RP","QQQ","LowRes",0.11293950057857967,FALSE
"hTAG",20,"24","Cer 18:1;O2/18:0","SOP","RP","QQQ","LowRes",0.11063094973066291,FALSE
"hTAG",21,"25","Cer 18:1;O2/18:0","SOP","RP","QQQ","LowRes",0.09970415606110412,FALSE
"hTAG",22,"26a","Cer 18:1;O2/18:0","OTHER","FIA","Orbitrap","HighRes",0.09211452195946954,FALSE
"hTAG",22,"26b","Cer 18:1;O2/18:0","OTHER","FIA","QQQ","LowRes",0.04483206137714253,TRUE
"hTAG",23,"27","Cer 18:1;O2/18:0","SOP","RP","QQQ","LowRes",0.06835259866913702,TRUE
"hTAG",24,"28","Cer 18:1;O2/18:0","SOP","RP","QQQ","LowRes",0.09483828991671178,FALSE
"hTAG",25,"29a","Cer 18:1;O2/18:0","SOP","RP","TOF","HighRes",0.09287770619177473,FALSE
"hTAG",25,"29b","Cer 18:1;O2/18:0","OTHER","SFC","QQQ","LowRes",0.12432223150024327,FALSE
"hTAG",26,"30","Cer 18:1;O2/18:0","SOP","RP","QQQ","LowRes",0.08909536323644174,FALSE
"hTAG",27,"31","Cer 18:1;O2/18:0","SOP","RP","QQQ","LowRes",0.09468549859876842,FALSE
"hTAG",28,"32","Cer 18:1;O2/18:0","OTHER","RP","TOF","HighRes",0.131945055436378,TRUE
"hTAG",29,"33","Cer 18:1;O2/18:0","OTHER","RP","QQQ","LowRes",0.09828406026267722,FALSE
"hTAG",30,"34","Cer 18:1;O2/18:0","SOP","RP","QQQ","LowRes",0.08886731462568387,FALSE
"hTAG",31,"35","Cer 18:1;O2/18:0","OTHER","RP","QQQ","LowRes",0.07787472394271065,FALSE
"hTAG",32,"36","Cer 18:1;O2/18:0","SOP","RP","QQQ","LowRes",0.10276249662220117,FALSE
"hTAG",33,"37","Cer 18:1;O2/18:0","OTHER","RP","QQQ","LowRes",0.1062420939278514,FALSE
"hTAG",34,"38","Cer 18:1;O2/18:0","SOP","RP","QQQ","LowRes",0.033668401803404115,TRUE
"hTAG",1,"02b","Cer 18:1;O2/24:0","SOP","RP","QQQ","LowRes",4.142476286458632,FALSE
"hTAG",2,"03","Cer 18:1;O2/24:0","OTHER","RP","QQQ","LowRes",4.057781092055992,FALSE
"hTAG",3,"04","Cer 18:1;O2/24:0","SOP","RP","QQQ","LowRes",3.8177327152242,FALSE
"hTAG",4,"05","Cer 18:1;O2/24:0","OTHER","RP","QQQ","LowRes",4.125887436965802,FALSE
"hTAG",5,"07","Cer 18:1;O2/24:0","OTHER","RP","Orbitrap","HighRes",4.0051541796797965,FALSE
"hTAG",6,"09","Cer 18:1;O2/24:0","OTHER","FIA","QQQ","LowRes",3.8072647238556665,FALSE
"hTAG",7,"10a","Cer 18:1;O2/24:0","SOP","RP","QQQ","LowRes",3.300894298256365,FALSE
"hTAG",7,"10b","Cer 18:1;O2/24:0","OTHER","RP","QQQ","LowRes",2.7611432416765718,FALSE
"hTAG",8,"12","Cer 18:1;O2/24:0","SOP","RP","QQQ","LowRes",4.167816592864228,FALSE
"hTAG",9,"13","Cer 18:1;O2/24:0","OTHER","RP","QQQ","LowRes",5.237054738450451,TRUE
"hTAG",10,"14","Cer 18:1;O2/24:0","SOP","RP","QQQ","LowRes",4.3244275635667115,FALSE
"hTAG",11,"15","Cer 18:1;O2/24:0","SOP","RP","QQQ","LowRes",4.737681954467651,FALSE
"hTAG",12,"16","Cer 18:1;O2/24:0","OTHER","RP","Orbitrap","HighRes",3.6203275150334564,FALSE
"hTAG",13,"17a","Cer 18:1;O2/24:0","OTHER","RP","TOF","HighRes",3.892805687117151,FALSE
"hTAG",14,"18a","Cer 18:1;O2/24:0","SOP","RP","QQQ","LowRes",3.6891004622997765,FALSE
"hTAG",14,"18b","Cer 18:1;O2/24:0","SOP","RP","QQQ","LowRes",4.3873577936323525,FALSE
"hTAG",15,"19","Cer 18:1;O2/24:0","SOP","RP","QQQ","LowRes",3.6769696046631286,FALSE
"hTAG",16,"20a","Cer 18:1;O2/24:0","SOP","RP","QQQ","LowRes",3.7507721284681494,FALSE
"hTAG",16,"20b","Cer 18:1;O2/24:0","OTHER","RP","QQQ","LowRes",3.4512310843169614,FALSE
"hTAG",17,"21","Cer 18:1;O2/24:0","SOP","RP","QQQ","LowRes",7.099837668939503,TRUE
"hTAG",18,"22","Cer 18:1;O2/24:0","SOP","RP","QQQ","LowRes",3.617672889328028,FALSE
"hTAG",19,"23","Cer 18:1;O2/24:0","SOP","RP","QQQ","LowRes",4.054663499362755,FALSE
"hTAG",20,"24","Cer 18:1;O2/24:0","SOP","RP","QQQ","LowRes",3.9172801052734343,FALSE
"hTAG",21,"25","Cer 18:1;O2/24:0","SOP","RP","QQQ","LowRes",3.9858667015491775,FALSE
"hTAG",22,"26a","Cer 18:1;O2/24:0","OTHER","FIA","Orbitrap","HighRes",3.509663955267099,FALSE
"hTAG",22,"26b","Cer 18:1;O2/24:0","OTHER","FIA","QQQ","LowRes",3.3257729323085123,FALSE
"hTAG",23,"27","Cer 18:1;O2/24:0","SOP","RP","QQQ","LowRes",3.1500334429498804,FALSE
"hTAG",24,"28","Cer 18:1;O2/24:0","SOP","RP","QQQ","LowRes",4.831292181673756,FALSE
"hTAG",25,"29a","Cer 18:1;O2/24:0","SOP","RP","TOF","HighRes",3.5991840851873955,FALSE
"hTAG",25,"29b","Cer 18:1;O2/24:0","OTHER","SFC","QQQ","LowRes",3.8497852250509843,FALSE
"hTAG",26,"30","Cer 18:1;O2/24:0","SOP","RP","QQQ","LowRes",3.045553323847671,FALSE
"hTAG",27,"31","Cer 18:1;O2/24:0","SOP","RP","QQQ","LowRes",3.9979438431190277,FALSE
"hTAG",28,"32","Cer 18:1;O2/24:0","OTHER","RP","TOF","HighRes",3.0109864560753814,FALSE
"hTAG",29,"33","Cer 18:1;O2/24:0","OTHER","RP","QQQ","LowRes",3.712893796800812,FALSE
"hTAG",30,"34","Cer 18:1;O2/24:0","SOP","RP","QQQ","LowRes",3.3639962758501554,FALSE
"hTAG",31,"35","Cer 18:1;O2/24:0","OTHER","RP","QQQ","LowRes",3.110910396594474,FALSE
"hTAG",32,"36","Cer 18:1;O2/24:0","SOP","RP","QQQ","LowRes",3.9752721151126718,FALSE
"hTAG",33,"37","Cer 18:1;O2/24:0","OTHER","RP","QQQ","LowRes",3.733371436963769,FALSE
"hTAG",34,"38","Cer 18:1;O2/24:0","SOP","RP","QQQ","LowRes",1.0948916737283438,TRUE
"hTAG",1,"02b","Cer 18:1;O2/24:1","SOP","RP","QQQ","LowRes",1.385492043660739,FALSE
"hTAG",2,"03","Cer 18:1;O2/24:1","OTHER","RP","QQQ","LowRes",1.3767292510537945,FALSE
"hTAG",3,"04","Cer 18:1;O2/24:1","SOP","RP","QQQ","LowRes",1.2554859346020955,FALSE
"hTAG",4,"05","Cer 18:1;O2/24:1","OTHER","RP","QQQ","LowRes",1.3495433131587045,FALSE
"hTAG",5,"07","Cer 18:1;O2/24:1","OTHER","RP","Orbitrap","HighRes",1.425580018578282,FALSE
"hTAG",6,"09","Cer 18:1;O2/24:1","OTHER","FIA","QQQ","LowRes",1.3014186106611536,FALSE
"hTAG",7,"10a","Cer 18:1;O2/24:1","SOP","RP","QQQ","LowRes",1.978280678557955,TRUE
"hTAG",7,"10b","Cer 18:1;O2/24:1","OTHER","RP","QQQ","LowRes",0.8019309924961919,TRUE
"hTAG",8,"12","Cer 18:1;O2/24:1","SOP","RP","QQQ","LowRes",1.3517837703549564,FALSE
"hTAG",9,"13","Cer 18:1;O2/24:1","OTHER","RP","QQQ","LowRes",1.8489333587680252,TRUE
"hTAG",10,"14","Cer 18:1;O2/24:1","SOP","RP","QQQ","LowRes",1.3536184683059151,FALSE
"hTAG",11,"15","Cer 18:1;O2/24:1","SOP","RP","QQQ","LowRes",1.6251769953505815,FALSE
"hTAG",12,"16","Cer 18:1;O2/24:1","OTHER","RP","Orbitrap","HighRes",1.0049386722855385,FALSE
"hTAG",13,"17a","Cer 18:1;O2/24:1","OTHER","RP","TOF","HighRes",1.6322425904078741,FALSE
"hTAG",14,"18a","Cer 18:1;O2/24:1","SOP","RP","QQQ","LowRes",1.2326431521490873,FALSE
"hTAG",14,"18b","Cer 18:1;O2/24:1","SOP","RP","QQQ","LowRes",1.3695435199928954,FALSE
"hTAG",15,"19","Cer 18:1;O2/24:1","SOP","RP","QQQ","LowRes",1.216060876375924,FALSE
"hTAG",16,"20a","Cer 18:1;O2/24:1","SOP","RP","QQQ","LowRes",1.2489840736203768,FALSE
"hTAG",16,"20b","Cer 18:1;O2/24:1","OTHER","RP","QQQ","LowRes",1.18626039990209,FALSE
"hTAG",17,"21","Cer 18:1;O2/24:1","SOP","RP","QQQ","LowRes",2.418350606603363,TRUE
"hTAG",18,"22","Cer 18:1;O2/24:1","SOP","RP","QQQ","LowRes",1.2165162949736628,FALSE
"hTAG",19,"23","Cer 18:1;O2/24:1","SOP","RP","QQQ","LowRes",1.2832098811119947,FALSE
"hTAG",20,"24","Cer 18:1;O2/24:1","SOP","RP","QQQ","LowRes",1.270114302380823,FALSE
"hTAG",21,"25","Cer 18:1;O2/24:1","SOP","RP","QQQ","LowRes",1.3426727921247694,FALSE
"hTAG",22,"26a","Cer 18:1;O2/24:1","OTHER","FIA","Orbitrap","HighRes",1.2492257494457608,FALSE
"hTAG",22,"26b","Cer 18:1;O2/24:1","OTHER","FIA","QQQ","LowRes",1.1531932946797043,FALSE
"hTAG",23,"27","Cer 18:1;O2/24:1","SOP","RP","QQQ","LowRes",0.9565220935686433,FALSE
"hTAG",24,"28","Cer 18:1;O2/24:1","SOP","RP","QQQ","LowRes",1.4852199062709763,FALSE
"hTAG",25,"29a","Cer 18:1;O2/24:1","SOP","RP","TOF","HighRes",1.1719001006108305,FALSE
"hTAG",25,"29b","Cer 18:1;O2/24:1","OTHER","SFC","QQQ","LowRes",1.8235898816058365,TRUE
"hTAG",26,"30","Cer 18:1;O2/24:1","SOP","RP","QQQ","LowRes",1.1514479364877424,FALSE
"hTAG",27,"31","Cer 18:1;O2/24:1","SOP","RP","QQQ","LowRes",1.2605642251371711,FALSE
"hTAG",28,"32","Cer 18:1;O2/24:1","OTHER","RP","TOF","HighRes",1.4763770037188602,FALSE
"hTAG",29,"33","Cer 18:1;O2/24:1","OTHER","RP","QQQ","LowRes",1.1861872524672814,FALSE
"hTAG",30,"34","Cer 18:1;O2/24:1","SOP","RP","QQQ","LowRes",1.1198056891445833,FALSE
"hTAG",31,"35","Cer 18:1;O2/24:1","OTHER","RP","QQQ","LowRes",1.0104636046396978,FALSE
"hTAG",32,"36","Cer 18:1;O2/24:1","SOP","RP","QQQ","LowRes",1.3199666373139163,FALSE
"hTAG",33,"37","Cer 18:1;O2/24:1","OTHER","RP","QQQ","LowRes",1.2168983530143147,FALSE
"hTAG",34,"38","Cer 18:1;O2/24:1","SOP","RP","QQQ","LowRes",0.3685226940399631,TRUE
"DB",1,"02b","Cer 18:1;O2/16:0","SOP","RP","QQQ","LowRes",0.24947589150439028,FALSE
"DB",2,"03","Cer 18:1;O2/16:0","OTHER","RP","QQQ","LowRes",0.20079339486986744,FALSE
"DB",3,"04","Cer 18:1;O2/16:0","SOP","RP","QQQ","LowRes",0.23975791058610355,FALSE
"DB",4,"05","Cer 18:1;O2/16:0","OTHER","RP","QQQ","LowRes",0.22792889461123733,FALSE
"DB",5,"07","Cer 18:1;O2/16:0","OTHER","RP","Orbitrap","HighRes",0.3421434365456918,TRUE
"DB",6,"09","Cer 18:1;O2/16:0","OTHER","FIA","QQQ","LowRes",0.21123185254146276,FALSE
"DB",7,"10a","Cer 18:1;O2/16:0","SOP","RP","QQQ","LowRes",0.15537362643122699,FALSE
"DB",7,"10b","Cer 18:1;O2/16:0","OTHER","RP","QQQ","LowRes",0.1613760054608338,FALSE
"DB",8,"12","Cer 18:1;O2/16:0","SOP","RP","QQQ","LowRes",0.23414263354806525,FALSE
"DB",9,"13","Cer 18:1;O2/16:0","OTHER","RP","QQQ","LowRes",0.17307899494802867,FALSE
"DB",10,"14","Cer 18:1;O2/16:0","SOP","RP","QQQ","LowRes",0.2118567726016483,FALSE
"DB",11,"15","Cer 18:1;O2/16:0","SOP","RP","QQQ","LowRes",0.2226060215977003,FALSE
"DB",12,"16","Cer 18:1;O2/16:0","OTHER","RP","Orbitrap","HighRes",0.20636462258554125,FALSE
"DB",13,"17a","Cer 18:1;O2/16:0","OTHER","RP","TOF","HighRes",0.24541485851432557,FALSE
"DB",14,"18a","Cer 18:1;O2/16:0","SOP","RP","QQQ","LowRes",0.21343473133152893,FALSE
"DB",14,"18b","Cer 18:1;O2/16:0","SOP","RP","QQQ","LowRes",0.2218976356522303,FALSE
"DB",15,"19","Cer 18:1;O2/16:0","SOP","RP","QQQ","LowRes",0.24967723520857635,FALSE
"DB",16,"20a","Cer 18:1;O2/16:0","SOP","RP","QQQ","LowRes",0.22412270236053553,FALSE
"DB",16,"20b","Cer 18:1;O2/16:0","OTHER","RP","QQQ","LowRes",0.22748962404216017,FALSE
"DB",17,"21","Cer 18:1;O2/16:0","SOP","RP","QQQ","LowRes",0.42639566408193624,TRUE
"DB",18,"22","Cer 18:1;O2/16:0","SOP","RP","QQQ","LowRes",0.21324489629440008,FALSE
"DB",19,"23","Cer 18:1;O2/16:0","SOP","RP","QQQ","LowRes",0.2298680634538034,FALSE
"DB",20,"24","Cer 18:1;O2/16:0","SOP","RP","QQQ","LowRes",0.2155067415402352,FALSE
"DB",21,"25","Cer 18:1;O2/16:0","SOP","RP","QQQ","LowRes",0.240274123144801,FALSE
"DB",22,"26a","Cer 18:1;O2/16:0","OTHER","FIA","Orbitrap","HighRes",0.2578133380599632,FALSE
"DB",22,"26b","Cer 18:1;O2/16:0","OTHER","FIA","QQQ","LowRes",0.17479602428872906,FALSE
"DB",23,"27","Cer 18:1;O2/16:0","SOP","RP","QQQ","LowRes",0.16022476618350565,FALSE
"DB",24,"28","Cer 18:1;O2/16:0","SOP","RP","QQQ","LowRes",0.16351551202744843,FALSE
"DB",25,"29a","Cer 18:1;O2/16:0","SOP","RP","TOF","HighRes",0.20881140337393395,FALSE
"DB",25,"29b","Cer 18:1;O2/16:0","OTHER","SFC","QQQ","LowRes",0.2139312827771054,FALSE
"DB",26,"30","Cer 18:1;O2/16:0","SOP","RP","QQQ","LowRes",0.28542269617212634,FALSE
"DB",27,"31","Cer 18:1;O2/16:0","SOP","RP","QQQ","LowRes",0.22779787177386343,FALSE
"DB",28,"32","Cer 18:1;O2/16:0","OTHER","RP","TOF","HighRes",0.3541920285259994,TRUE
"DB",29,"33","Cer 18:1;O2/16:0","OTHER","RP","QQQ","LowRes",0.2507002256892671,FALSE
"DB",30,"34","Cer 18:1;O2/16:0","SOP","RP","QQQ","LowRes",0.19207602858906056,FALSE
"DB",31,"35","Cer 18:1;O2/16:0","OTHER","RP","QQQ","LowRes",0.1856952754627287,FALSE
"DB",32,"36","Cer 18:1;O2/16:0","SOP","RP","QQQ","LowRes",0.2135017822035175,FALSE
"DB",33,"37","Cer 18:1;O2/16:0","OTHER","RP","QQQ","LowRes",0.2529399334720916,FALSE
"DB",34,"38","Cer 18:1;O2/16:0","SOP","RP","QQQ","LowRes",0.05815840651964716,TRUE
"DB",1,"02b","Cer 18:1;O2/18:0","SOP","RP","QQQ","LowRes",0.10256009357660724,FALSE
"DB",2,"03","Cer 18:1;O2/18:0","OTHER","RP","QQQ","LowRes",0.09510494476502748,FALSE
"DB",3,"04","Cer 18:1;O2/18:0","SOP","RP","QQQ","LowRes",0.10524200931154025,FALSE
"DB",4,"05","Cer 18:1;O2/18:0","OTHER","RP","QQQ","LowRes",0.1146950586847145,FALSE
"DB",5,"07","Cer 18:1;O2/18:0","OTHER","RP","Orbitrap","HighRes",0.10468873801686089,FALSE
"DB",6,"09","Cer 18:1;O2/18:0","OTHER","FIA","QQQ","LowRes",0.10438821548923634,FALSE
"DB",7,"10a","Cer 18:1;O2/18:0","SOP","RP","QQQ","LowRes",0.07518063576717711,FALSE
"DB",7,"10b","Cer 18:1;O2/18:0","OTHER","RP","QQQ","LowRes",0.06429078414575343,TRUE
"DB",8,"12","Cer 18:1;O2/18:0","SOP","RP","QQQ","LowRes",0.11884027061715095,FALSE
"DB",9,"13","Cer 18:1;O2/18:0","OTHER","RP","QQQ","LowRes",0.1392838254396257,TRUE
"DB",10,"14","Cer 18:1;O2/18:0","SOP","RP","QQQ","LowRes",0.09851669615438378,FALSE
"DB",11,"15","Cer 18:1;O2/18:0","SOP","RP","QQQ","LowRes",0.09950621764125483,FALSE
"DB",12,"16","Cer 18:1;O2/18:0","OTHER","RP","Orbitrap","HighRes",0.0875871608967227,FALSE
"DB",13,"17a","Cer 18:1;O2/18:0","OTHER","RP","TOF","HighRes",0.12969267507420693,TRUE
"DB",14,"18a","Cer 18:1;O2/18:0","SOP","RP","QQQ","LowRes",0.0949768455165016,FALSE
"DB",14,"18b","Cer 18:1;O2/18:0","SOP","RP","QQQ","LowRes",0.09477276266015704,FALSE
"DB",15,"19","Cer 18:1;O2/18:0","SOP","RP","QQQ","LowRes",0.09787828483899565,FALSE
"DB",16,"20a","Cer 18:1;O2/18:0","SOP","RP","QQQ","LowRes",0.08425862512897982,FALSE
"DB",16,"20b","Cer 18:1;O2/18:0","OTHER","RP","QQQ","LowRes",0.08927521890207164,FALSE
"DB",17,"21","Cer 18:1;O2/18:0","SOP","RP","QQQ","LowRes",0.21031301795419644,TRUE
"DB",18,"22","Cer 18:1;O2/18:0","SOP","RP","QQQ","LowRes",0.0980911560886934,FALSE
"DB",19,"23","Cer 18:1;O2/18:0","SOP","RP","QQQ","LowRes",0.10414424046443735,FALSE
"DB",20,"24","Cer 18:1;O2/18:0","SOP","RP","QQQ","LowRes",0.10043942506826085,FALSE
"DB",21,"25","Cer 18:1;O2/18:0","SOP","RP","QQQ","LowRes",0.09708529054790513,FALSE
"DB",22,"26a","Cer 18:1;O2/18:0","OTHER","FIA","Orbitrap","HighRes",0.1203097185854876,FALSE
"DB",22,"26b","Cer 18:1;O2/18:0","OTHER","FIA","QQQ","LowRes",0.0582261093900265,TRUE
"DB",23,"27","Cer 18:1;O2/18:0","SOP","RP","QQQ","LowRes",0.06844946303110422,FALSE
"DB",24,"28","Cer 18:1;O2/18:0","SOP","RP","QQQ","LowRes",0.09135620553428643,FALSE
"DB",25,"29a","Cer 18:1;O2/18:0","SOP","RP","TOF","HighRes",0.09080209393019632,FALSE
"DB",25,"29b","Cer 18:1;O2/18:0","OTHER","SFC","QQQ","LowRes",0.10699103184960139,FALSE
"DB",26,"30","Cer 18:1;O2/18:0","SOP","RP","QQQ","LowRes",0.08960629963736583,FALSE
"DB",27,"31","Cer 18:1;O2/18:0","SOP","RP","QQQ","LowRes",0.09251635747198377,FALSE
"DB",28,"32","Cer 18:1;O2/18:0","OTHER","RP","TOF","HighRes",0.15681623156349284,TRUE
"DB",29,"33","Cer 18:1;O2/18:0","OTHER","RP","QQQ","LowRes",0.10301595923239111,FALSE
"DB",30,"34","Cer 18:1;O2/18:0","SOP","RP","QQQ","LowRes",0.08484003467506214,FALSE
"DB",31,"35","Cer 18:1;O2/18:0","OTHER","RP","QQQ","LowRes",0.07878346575915339,FALSE
"DB",32,"36","Cer 18:1;O2/18:0","SOP","RP","QQQ","LowRes",0.09488231952278392,FALSE
"DB",33,"37","Cer 18:1;O2/18:0","OTHER","RP","QQQ","LowRes",0.10085402959414608,FALSE
"DB",34,"38","Cer 18:1;O2/18:0","SOP","RP","QQQ","LowRes",0.0238431781706147,TRUE
"DB",1,"02b","Cer 18:1;O2/24:0","SOP","RP","QQQ","LowRes",2.7119251351024545,FALSE
"DB",2,"03","Cer 18:1;O2/24:0","OTHER","RP","QQQ","LowRes",2.507724866967081,FALSE
"DB",3,"04","Cer 18:1;O2/24:0","SOP","RP","QQQ","LowRes",2.5275593003568346,FALSE
"DB",4,"05","Cer 18:1;O2/24:0","OTHER","RP","QQQ","LowRes",2.628432653694995,FALSE
"DB",5,"07","Cer 18:1;O2/24:0","OTHER","RP","Orbitrap","HighRes",2.5776114128302035,FALSE
"DB",6,"09","Cer 18:1;O2/24:0","OTHER","FIA","QQQ","LowRes",2.5185438718837667,FALSE
"DB",7,"10a","Cer 18:1;O2/24:0","SOP","RP","QQQ","LowRes",1.78639256230813,FALSE
"DB",7,"10b","Cer 18:1;O2/24:0","OTHER","RP","QQQ","LowRes",1.7622790289447687,FALSE
"DB",8,"12","Cer 18:1;O2/24:0","SOP","RP","QQQ","LowRes",2.6451090467434923,FALSE
"DB",9,"13","Cer 18:1;O2/24:0","OTHER","RP","QQQ","LowRes",3.7379779233894443,TRUE
"DB",10,"14","Cer 18:1;O2/24:0","SOP","RP","QQQ","LowRes",2.7906514837280323,FALSE
"DB",11,"15","Cer 18:1;O2/24:0","SOP","RP","QQQ","LowRes",3.023967006199831,FALSE
"DB",12,"16","Cer 18:1;O2/24:0","OTHER","RP","Orbitrap","HighRes",2.261124926838763,FALSE
"DB",13,"17a","Cer 18:1;O2/24:0","OTHER","RP","TOF","HighRes",2.234912502409924,FALSE
"DB",14,"18a","Cer 18:1;O2/24:0","SOP","RP","QQQ","LowRes",2.2371440629455948,FALSE
"DB",14,"18b","Cer 18:1;O2/24:0","SOP","RP","QQQ","LowRes",2.6725957661589588,FALSE
"DB",15,"19","Cer 18:1;O2/24:0","SOP","RP","QQQ","LowRes",2.322160814760145,FALSE
"DB",16,"20a","Cer 18:1;O2/24:0","SOP","RP","QQQ","LowRes",2.1536738716011374,FALSE
"DB",16,"20b","Cer 18:1;O2/24:0","OTHER","RP","QQQ","LowRes",2.314037575920841,FALSE
"DB",17,"21","Cer 18:1;O2/24:0","SOP","RP","QQQ","LowRes",4.898042248175299,TRUE
"DB",18,"22","Cer 18:1;O2/24:0","SOP","RP","QQQ","LowRes",2.415046807019973,FALSE
"DB",19,"23","Cer 18:1;O2/24:0","SOP","RP","QQQ","LowRes",2.454069931722546,FALSE
"DB",20,"24","Cer 18:1;O2/24:0","SOP","RP","QQQ","LowRes",2.3699435640489623,FALSE
"DB",21,"25","Cer 18:1;O2/24:0","SOP","RP","QQQ","LowRes",2.555510138392063,FALSE
"DB",22,"26a","Cer 18:1;O2/24:0","OTHER","FIA","Orbitrap","HighRes",2.334862695055068,FALSE
"DB",22,"26b","Cer 18:1;O2/24:0","OTHER","FIA","QQQ","LowRes",2.0974916968828947,FALSE
"DB",23,"27","Cer 18:1;O2/24:0","SOP","RP","QQQ","LowRes",2.052976249646905,FALSE
"DB",24,"28","Cer 18:1;O2/24:0","SOP","RP","QQQ","LowRes",3.0517736186038165,FALSE
"DB",25,"29a","Cer 18:1;O2/24:0","SOP","RP","TOF","HighRes",2.3620238520834524,FALSE
"DB",25,"29b","Cer 18:1;O2/24:0","OTHER","SFC","QQQ","LowRes",2.4079131119979436,FALSE
"DB",26,"30","Cer 18:1;O2/24:0","SOP","RP","QQQ","LowRes",2.0711201334547797,FALSE
"DB",27,"31","Cer 18:1;O2/24:0","SOP","RP","QQQ","LowRes",2.5494278378820137,FALSE
"DB",28,"32","Cer 18:1;O2/24:0","OTHER","RP","TOF","HighRes",2.4537662824969244,FALSE
"DB",29,"33","Cer 18:1;O2/24:0","OTHER","RP","QQQ","LowRes",2.494721201947449,FALSE
"DB",30,"34","Cer 18:1;O2/24:0","SOP","RP","QQQ","LowRes",2.1412331027561677,FALSE
"DB",31,"35","Cer 18:1;O2/24:0","OTHER","RP","QQQ","LowRes",2.0512816824302544,FALSE
"DB",32,"36","Cer 18:1;O2/24:0","SOP","RP","QQQ","LowRes",2.4427886660334295,FALSE
"DB",33,"37","Cer 18:1;O2/24:0","OTHER","RP","QQQ","LowRes",2.463728211246724,FALSE
"DB",34,"38","Cer 18:1;O2/24:0","SOP","RP","QQQ","LowRes",0.5664508069231424,TRUE
"DB",1,"02b","Cer 18:1;O2/24:1","SOP","RP","QQQ","LowRes",0.9786608071625409,FALSE
"DB",2,"03","Cer 18:1;O2/24:1","OTHER","RP","QQQ","LowRes",0.8757089465832913,FALSE
"DB",3,"04","Cer 18:1;O2/24:1","SOP","RP","QQQ","LowRes",0.8933981697678488,FALSE
"DB",4,"05","Cer 18:1;O2/24:1","OTHER","RP","QQQ","LowRes",0.9117345261829763,FALSE
"DB",5,"07","Cer 18:1;O2/24:1","OTHER","RP","Orbitrap","HighRes",0.9850307137621557,FALSE
"DB",6,"09","Cer 18:1;O2/24:1","OTHER","FIA","QQQ","LowRes",0.9390010869878835,FALSE
"DB",7,"10a","Cer 18:1;O2/24:1","SOP","RP","QQQ","LowRes",0.6868426042345452,FALSE
"DB",7,"10b","Cer 18:1;O2/24:1","OTHER","RP","QQQ","LowRes",0.5026451784141901,TRUE
"DB",8,"12","Cer 18:1;O2/24:1","SOP","RP","QQQ","LowRes",0.9475632816922974,FALSE
"DB",9,"13","Cer 18:1;O2/24:1","OTHER","RP","QQQ","LowRes",1.3238107242390367,TRUE
"DB",10,"14","Cer 18:1;O2/24:1","SOP","RP","QQQ","LowRes",0.9437175412689883,FALSE
"DB",11,"15","Cer 18:1;O2/24:1","SOP","RP","QQQ","LowRes",1.0974158999533805,FALSE
"DB",12,"16","Cer 18:1;O2/24:1","OTHER","RP","Orbitrap","HighRes",0.8542739732453177,FALSE
"DB",13,"17a","Cer 18:1;O2/24:1","OTHER","RP","TOF","HighRes",0.9520082374253995,FALSE
"DB",14,"18a","Cer 18:1;O2/24:1","SOP","RP","QQQ","LowRes",0.8289140129716204,FALSE
"DB",14,"18b","Cer 18:1;O2/24:1","SOP","RP","QQQ","LowRes",0.9064000605963995,FALSE
"DB",15,"19","Cer 18:1;O2/24:1","SOP","RP","QQQ","LowRes",0.7602089922880528,FALSE
"DB",16,"20a","Cer 18:1;O2/24:1","SOP","RP","QQQ","LowRes",0.7548829688301899,FALSE
"DB",16,"20b","Cer 18:1;O2/24:1","OTHER","RP","QQQ","LowRes",0.8455428496802697,FALSE
"DB",17,"21","Cer 18:1;O2/24:1","SOP","RP","QQQ","LowRes",1.762837436873494,TRUE
"DB",18,"22","Cer 18:1;O2/24:1","SOP","RP","QQQ","LowRes",0.8366363178338128,FALSE
"DB",19,"23","Cer 18:1;O2/24:1","SOP","RP","QQQ","LowRes",1.0030762767946426,FALSE
"DB",20,"24","Cer 18:1;O2/24:1","SOP","RP","QQQ","LowRes",0.8507494202085482,FALSE
"DB",21,"25","Cer 18:1;O2/24:1","SOP","RP","QQQ","LowRes",0.9041654724971331,FALSE
"DB",22,"26a","Cer 18:1;O2/24:1","OTHER","FIA","Orbitrap","HighRes",0.892588838316542,FALSE
"DB",22,"26b","Cer 18:1;O2/24:1","OTHER","FIA","QQQ","LowRes",0.747678358857209,FALSE
"DB",23,"27","Cer 18:1;O2/24:1","SOP","RP","QQQ","LowRes",0.6503439388050237,FALSE
"DB",24,"28","Cer 18:1;O2/24:1","SOP","RP","QQQ","LowRes",1.0124537083278933,FALSE
"DB",25,"29a","Cer 18:1;O2/24:1","SOP","RP","TOF","HighRes",0.8353777437057496,FALSE
"DB",25,"29b","Cer 18:1;O2/24:1","OTHER","SFC","QQQ","LowRes",1.1710793428095259,TRUE
"DB",26,"30","Cer 18:1;O2/24:1","SOP","RP","QQQ","LowRes",0.8239173704754134,FALSE
"DB",27,"31","Cer 18:1;O2/24:1","SOP","RP","QQQ","LowRes",0.8839107788272393,FALSE
"DB",28,"32","Cer 18:1;O2/24:1","OTHER","RP","TOF","HighRes",1.23602928953874,TRUE
"DB",29,"33","Cer 18:1;O2/24:1","OTHER","RP","QQQ","LowRes",0.8662642189929819,FALSE
"DB",30,"34","Cer 18:1;O2/24:1","SOP","RP","QQQ","LowRes",0.7719403889375215,FALSE
"DB",31,"35","Cer 18:1;O2/24:1","OTHER","RP","QQQ","LowRes",0.6905357072505772,FALSE
"DB",32,"36","Cer 18:1;O2/24:1","SOP","RP","QQQ","LowRes",0.8232814216230275,FALSE
"DB",33,"37","Cer 18:1;O2/24:1","OTHER","RP","QQQ","LowRes",0.8337467902849633,FALSE
"DB",34,"38","Cer 18:1;O2/24:1","SOP","RP","QQQ","LowRes",0.19902410192246955,TRUE
"YAA",1,"02b","Cer 18:1;O2/16:0","SOP","RP","QQQ","LowRes",0.17819492951027088,FALSE
"YAA",2,"03","Cer 18:1;O2/16:0","OTHER","RP","QQQ","LowRes",0.10945022699733284,FALSE
"YAA",3,"04","Cer 18:1;O2/16:0","SOP","RP","QQQ","LowRes",0.1583147015495305,FALSE
"YAA",4,"05","Cer 18:1;O2/16:0","OTHER","RP","QQQ","LowRes",0.15940176584242832,FALSE
"YAA",5,"07","Cer 18:1;O2/16:0","OTHER","RP","Orbitrap","HighRes",0.23140962207885252,TRUE
"YAA",6,"09","Cer 18:1;O2/16:0","OTHER","FIA","QQQ","LowRes",0.16475322284660654,FALSE
"YAA",7,"10a","Cer 18:1;O2/16:0","SOP","RP","QQQ","LowRes",0.10397551007256092,FALSE
"YAA",7,"10b","Cer 18:1;O2/16:0","OTHER","RP","QQQ","LowRes",0.10510148162924984,FALSE
"YAA",8,"12","Cer 18:1;O2/16:0","SOP","RP","QQQ","LowRes",0.17060016288519708,FALSE
"YAA",9,"13","Cer 18:1;O2/16:0","OTHER","RP","QQQ","LowRes",0.114246052096664,FALSE
"YAA",10,"14","Cer 18:1;O2/16:0","SOP","RP","QQQ","LowRes",0.14353254929805112,FALSE
"YAA",11,"15","Cer 18:1;O2/16:0","SOP","RP","QQQ","LowRes",0.1541154225912136,FALSE
"YAA",12,"16","Cer 18:1;O2/16:0","OTHER","RP","Orbitrap","HighRes",0.13844549403164438,FALSE
"YAA",13,"17a","Cer 18:1;O2/16:0","OTHER","RP","TOF","HighRes",0.16629720806859016,FALSE
"YAA",14,"18a","Cer 18:1;O2/16:0","SOP","RP","QQQ","LowRes",0.1494662941734451,FALSE
"YAA",14,"18b","Cer 18:1;O2/16:0","SOP","RP","QQQ","LowRes",0.15735677259716252,FALSE
"YAA",15,"19","Cer 18:1;O2/16:0","SOP","RP","QQQ","LowRes",0.1582383116005762,FALSE
"YAA",16,"20a","Cer 18:1;O2/16:0","SOP","RP","QQQ","LowRes",0.13666275711289694,FALSE
"YAA",16,"20b","Cer 18:1;O2/16:0","OTHER","RP","QQQ","LowRes",0.15113848812683955,FALSE
"YAA",17,"21","Cer 18:1;O2/16:0","SOP","RP","QQQ","LowRes",0.2976851428951299,TRUE
"YAA",18,"22","Cer 18:1;O2/16:0","SOP","RP","QQQ","LowRes",0.15482961819245486,FALSE
"YAA",19,"23","Cer 18:1;O2/16:0","SOP","RP","QQQ","LowRes",0.16608760696854608,FALSE
"YAA",20,"24","Cer 18:1;O2/16:0","SOP","RP","QQQ","LowRes",0.15461447925036623,FALSE
"YAA",21,"25","Cer 18:1;O2/16:0","SOP","RP","QQQ","LowRes",0.1716444405384943,FALSE
"YAA",22,"26a","Cer 18:1;O2/16:0","OTHER","FIA","Orbitrap","HighRes",0.1642504019238761,FALSE
"YAA",22,"26b","Cer 18:1;O2/16:0","OTHER","FIA","QQQ","LowRes",0.1220053915004014,FALSE
"YAA",23,"27","Cer 18:1;O2/16:0","SOP","RP","QQQ","LowRes",0.11091189405208231,FALSE
"YAA",24,"28","Cer 18:1;O2/16:0","SOP","RP","QQQ","LowRes",0.0914594534458961,FALSE
"YAA",25,"29a","Cer 18:1;O2/16:0","SOP","RP","TOF","HighRes",0.14969882789902117,FALSE
"YAA",25,"29b","Cer 18:1;O2/16:0","OTHER","SFC","QQQ","LowRes",0.1428335446163516,FALSE
"YAA",26,"30","Cer 18:1;O2/16:0","SOP","RP","QQQ","LowRes",0.2740173792457063,TRUE
"YAA",27,"31","Cer 18:1;O2/16:0","SOP","RP","QQQ","LowRes",0.14716002171752218,FALSE
"YAA",28,"32","Cer 18:1;O2/16:0","OTHER","RP","TOF","HighRes",0.22260598942542173,TRUE
"YAA",29,"33","Cer 18:1;O2/16:0","OTHER","RP","QQQ","LowRes",0.1609891655579542,FALSE
"YAA",30,"34","Cer 18:1;O2/16:0","SOP","RP","QQQ","LowRes",0.1303073692159781,FALSE
"YAA",31,"35","Cer 18:1;O2/16:0","OTHER","RP","QQQ","LowRes",0.12438710674068477,FALSE
"YAA",32,"36","Cer 18:1;O2/16:0","SOP","RP","QQQ","LowRes",0.14923915915045008,FALSE
"YAA",33,"37","Cer 18:1;O2/16:0","OTHER","RP","QQQ","LowRes",0.1709455784606604,FALSE
"YAA",34,"38","Cer 18:1;O2/16:0","SOP","RP","QQQ","LowRes",0.04509201284569535,TRUE
"YAA",1,"02b","Cer 18:1;O2/18:0","SOP","RP","QQQ","LowRes",0.056609440369612726,FALSE
"YAA",2,"03","Cer 18:1;O2/18:0","OTHER","RP","QQQ","LowRes",0.10313627164036959,TRUE
"YAA",3,"04","Cer 18:1;O2/18:0","SOP","RP","QQQ","LowRes",0.051011080848185744,FALSE
"YAA",4,"05","Cer 18:1;O2/18:0","OTHER","RP","QQQ","LowRes",0.05533496034129037,FALSE
"YAA",5,"07","Cer 18:1;O2/18:0","OTHER","RP","Orbitrap","HighRes",0.047586008104079675,FALSE
"YAA",6,"09","Cer 18:1;O2/18:0","OTHER","FIA","QQQ","LowRes",0.054075749276741164,FALSE
"YAA",7,"10a","Cer 18:1;O2/18:0","SOP","RP","QQQ","LowRes",0.0355879789395317,FALSE
"YAA",7,"10b","Cer 18:1;O2/18:0","OTHER","RP","QQQ","LowRes",0.02774444555866474,FALSE
"YAA",8,"12","Cer 18:1;O2/18:0","SOP","RP","QQQ","LowRes",0.06371894074894219,FALSE
"YAA",9,"13","Cer 18:1;O2/18:0","OTHER","RP","QQQ","LowRes",0.06330677389059332,FALSE
"YAA",10,"14","Cer 18:1;O2/18:0","SOP","RP","QQQ","LowRes",0.04871944309131731,FALSE
"YAA",11,"15","Cer 18:1;O2/18:0","SOP","RP","QQQ","LowRes",0.0502810954148635,FALSE
"YAA",12,"16","Cer 18:1;O2/18:0","OTHER","RP","Orbitrap","HighRes",0.04343455606480412,FALSE
"YAA",13,"17a","Cer 18:1;O2/18:0","OTHER","RP","TOF","HighRes",0.06806459922176407,FALSE
"YAA",14,"18a","Cer 18:1;O2/18:0","SOP","RP","QQQ","LowRes",0.04747909757834408,FALSE
"YAA",14,"18b","Cer 18:1;O2/18:0","SOP","RP","QQQ","LowRes",0.0464475848110225,FALSE
"YAA",15,"19","Cer 18:1;O2/18:0","SOP","RP","QQQ","LowRes",0.051931211989458964,FALSE
"YAA",16,"20a","Cer 18:1;O2/18:0","SOP","RP","QQQ","LowRes",0.042057384626681876,FALSE
"YAA",16,"20b","Cer 18:1;O2/18:0","OTHER","RP","QQQ","LowRes",0.044957475565802346,FALSE
"YAA",17,"21","Cer 18:1;O2/18:0","SOP","RP","QQQ","LowRes",0.10720917674243421,TRUE
"YAA",18,"22","Cer 18:1;O2/18:0","SOP","RP","QQQ","LowRes",0.05035858496633411,FALSE
"YAA",19,"23","Cer 18:1;O2/18:0","SOP","RP","QQQ","LowRes",0.0567414253037143,FALSE
"YAA",20,"24","Cer 18:1;O2/18:0","SOP","RP","QQQ","LowRes",0.05174404847379412,FALSE
"YAA",21,"25","Cer 18:1;O2/18:0","SOP","RP","QQQ","LowRes",0.04934007015831343,FALSE
"YAA",22,"26a","Cer 18:1;O2/18:0","OTHER","FIA","Orbitrap","HighRes",0.06286951650019874,FALSE
"YAA",22,"26b","Cer 18:1;O2/18:0","OTHER","FIA","QQQ","LowRes",0.01633342658946107,TRUE
"YAA",23,"27","Cer 18:1;O2/18:0","SOP","RP","QQQ","LowRes",0.030018180332688927,FALSE
"YAA",24,"28","Cer 18:1;O2/18:0","SOP","RP","QQQ","LowRes",0.04280131492840271,FALSE
"YAA",25,"29a","Cer 18:1;O2/18:0","SOP","RP","TOF","HighRes",0.04612044770199229,FALSE
"YAA",25,"29b","Cer 18:1;O2/18:0","OTHER","SFC","QQQ","LowRes",0.05317454539524393,FALSE
"YAA",26,"30","Cer 18:1;O2/18:0","SOP","RP","QQQ","LowRes",0.055062988337943174,FALSE
"YAA",27,"31","Cer 18:1;O2/18:0","SOP","RP","QQQ","LowRes",0.04556388350200324,FALSE
"YAA",28,"32","Cer 18:1;O2/18:0","OTHER","RP","TOF","HighRes",0.08752862286972773,TRUE
"YAA",29,"33","Cer 18:1;O2/18:0","OTHER","RP","QQQ","LowRes",0.04939370962003574,FALSE
"YAA",30,"34","Cer 18:1;O2/18:0","SOP","RP","QQQ","LowRes",0.04187599217676192,FALSE
"YAA",31,"35","Cer 18:1;O2/18:0","OTHER","RP","QQQ","LowRes",0.035168416126570644,FALSE
"YAA",32,"36","Cer 18:1;O2/18:0","SOP","RP","QQQ","LowRes",0.048882833161242395,FALSE
"YAA",33,"37","Cer 18:1;O2/18:0","OTHER","RP","QQQ","LowRes",0.06093719480731894,FALSE
"YAA",34,"38","Cer 18:1;O2/18:0","SOP","RP","QQQ","LowRes",0.013061462686932757,TRUE
"YAA",1,"02b","Cer 18:1;O2/24:0","SOP","RP","QQQ","LowRes",2.100316863624363,FALSE
"YAA",2,"03","Cer 18:1;O2/24:0","OTHER","RP","QQQ","LowRes",4.057781092055992,TRUE
"YAA",3,"04","Cer 18:1;O2/24:0","SOP","RP","QQQ","LowRes",1.680863791229299,FALSE
"YAA",4,"05","Cer 18:1;O2/24:0","OTHER","RP","QQQ","LowRes",1.9105986833799369,FALSE
"YAA",5,"07","Cer 18:1;O2/24:0","OTHER","RP","Orbitrap","HighRes",1.6333840254770953,FALSE
"YAA",6,"09","Cer 18:1;O2/24:0","OTHER","FIA","QQQ","LowRes",1.6930586614548213,FALSE
"YAA",7,"10a","Cer 18:1;O2/24:0","SOP","RP","QQQ","LowRes",1.1619631818497334,FALSE
"YAA",7,"10b","Cer 18:1;O2/24:0","OTHER","RP","QQQ","LowRes",1.213335743974076,FALSE
"YAA",8,"12","Cer 18:1;O2/24:0","SOP","RP","QQQ","LowRes",1.8705706402034052,FALSE
"YAA",9,"13","Cer 18:1;O2/24:0","OTHER","RP","QQQ","LowRes",2.7173911638336383,TRUE
"YAA",10,"14","Cer 18:1;O2/24:0","SOP","RP","QQQ","LowRes",1.8910660104554124,FALSE
"YAA",11,"15","Cer 18:1;O2/24:0","SOP","RP","QQQ","LowRes",2.173732627142783,FALSE
"YAA",12,"16","Cer 18:1;O2/24:0","OTHER","RP","Orbitrap","HighRes",1.5233911018083404,FALSE
"YAA",13,"17a","Cer 18:1;O2/24:0","OTHER","RP","TOF","HighRes",1.359807649332637,FALSE
"YAA",14,"18a","Cer 18:1;O2/24:0","SOP","RP","QQQ","LowRes",1.5515203328393308,FALSE
"YAA",14,"18b","Cer 18:1;O2/24:0","SOP","RP","QQQ","LowRes",1.8931122098076898,FALSE
"YAA",15,"19","Cer 18:1;O2/24:0","SOP","RP","QQQ","LowRes",1.5365334669120854,FALSE
"YAA",16,"20a","Cer 18:1;O2/24:0","SOP","RP","QQQ","LowRes",1.4532707273640595,FALSE
"YAA",16,"20b","Cer 18:1;O2/24:0","OTHER","RP","QQQ","LowRes",1.6023985290279474,FALSE
"YAA",17,"21","Cer 18:1;O2/24:0","SOP","RP","QQQ","LowRes",3.385283987487206,TRUE
"YAA",18,"22","Cer 18:1;O2/24:0","SOP","RP","QQQ","LowRes",1.6833397864539812,FALSE
"YAA",19,"23","Cer 18:1;O2/24:0","SOP","RP","QQQ","LowRes",1.6759060277900242,FALSE
"YAA",20,"24","Cer 18:1;O2/24:0","SOP","RP","QQQ","LowRes",1.6954272630803013,FALSE
"YAA",21,"25","Cer 18:1;O2/24:0","SOP","RP","QQQ","LowRes",1.7830578157320247,FALSE
"YAA",22,"26a","Cer 18:1;O2/24:0","OTHER","FIA","Orbitrap","HighRes",1.647528545699675,FALSE
"YAA",22,"26b","Cer 18:1;O2/24:0","OTHER","FIA","QQQ","LowRes",1.4566205028636765,FALSE
"YAA",23,"27","Cer 18:1;O2/24:0","SOP","RP","QQQ","LowRes",1.4076465620126999,FALSE
"YAA",24,"28","Cer 18:1;O2/24:0","SOP","RP","QQQ","LowRes",2.032545687952684,FALSE
"YAA",25,"29a","Cer 18:1;O2/24:0","SOP","RP","TOF","HighRes",1.6219537619505018,FALSE
"YAA",25,"29b","Cer 18:1;O2/24:0","OTHER","SFC","QQQ","LowRes",1.5645175575719823,FALSE
"YAA",26,"30","Cer 18:1;O2/24:0","SOP","RP","QQQ","LowRes",1.6364324156610883,FALSE
"YAA",27,"31","Cer 18:1;O2/24:0","SOP","RP","QQQ","LowRes",1.713670574004571,FALSE
"YAA",28,"32","Cer 18:1;O2/24:0","OTHER","RP","TOF","HighRes",1.5789623474035877,FALSE
"YAA",29,"33","Cer 18:1;O2/24:0","OTHER","RP","QQQ","LowRes",1.6207011110598106,FALSE
"YAA",30,"34","Cer 18:1;O2/24:0","SOP","RP","QQQ","LowRes",1.4986930985002245,FALSE
"YAA",31,"35","Cer 18:1;O2/24:0","OTHER","RP","QQQ","LowRes",1.4210427820508185,FALSE
"YAA",32,"36","Cer 18:1;O2/24:0","SOP","RP","QQQ","LowRes",1.721257620350042,FALSE
"YAA",33,"37","Cer 18:1;O2/24:0","OTHER","RP","QQQ","LowRes",1.6890578251008388,FALSE
"YAA",34,"38","Cer 18:1;O2/24:0","SOP","RP","QQQ","LowRes",0.40246518166816825,TRUE
"YAA",1,"02b","Cer 18:1;O2/24:1","SOP","RP","QQQ","LowRes",0.6129248594677081,FALSE
"YAA",2,"03","Cer 18:1;O2/24:1","OTHER","RP","QQQ","LowRes",1.3767292510537945,TRUE
"YAA",3,"04","Cer 18:1;O2/24:1","SOP","RP","QQQ","LowRes",0.5392223616007699,FALSE
"YAA",4,"05","Cer 18:1;O2/24:1","OTHER","RP","QQQ","LowRes",0.5803656080851606,FALSE
"YAA",5,"07","Cer 18:1;O2/24:1","OTHER","RP","Orbitrap","HighRes",0.5678899200172749,FALSE
"YAA",6,"09","Cer 18:1;O2/24:1","OTHER","FIA","QQQ","LowRes",0.5650718709922427,FALSE
"YAA",7,"10a","Cer 18:1;O2/24:1","SOP","RP","QQQ","LowRes",0.46045182646774957,FALSE
"YAA",7,"10b","Cer 18:1;O2/24:1","OTHER","RP","QQQ","LowRes",0.3252489684945906,TRUE
"YAA",8,"12","Cer 18:1;O2/24:1","SOP","RP","QQQ","LowRes",0.6230442569802771,FALSE
"YAA",9,"13","Cer 18:1;O2/24:1","OTHER","RP","QQQ","LowRes",0.845715263215303,TRUE
"YAA",10,"14","Cer 18:1;O2/24:1","SOP","RP","QQQ","LowRes",0.5894745636470105,FALSE
"YAA",11,"15","Cer 18:1;O2/24:1","SOP","RP","QQQ","LowRes",0.7027039883718604,FALSE
"YAA",12,"16","Cer 18:1;O2/24:1","OTHER","RP","Orbitrap","HighRes",0.5527900303300152,FALSE
"YAA",13,"17a","Cer 18:1;O2/24:1","OTHER","RP","TOF","HighRes",0.6900946512596439,FALSE
"YAA",14,"18a","Cer 18:1;O2/24:1","SOP","RP","QQQ","LowRes",0.5264565745575237,FALSE
"YAA",14,"18b","Cer 18:1;O2/24:1","SOP","RP","QQQ","LowRes",0.5697304804809332,FALSE
"YAA",15,"19","Cer 18:1;O2/24:1","SOP","RP","QQQ","LowRes",0.5519592536513415,FALSE
"YAA",16,"20a","Cer 18:1;O2/24:1","SOP","RP","QQQ","LowRes",0.4785160537850172,FALSE
"YAA",16,"20b","Cer 18:1;O2/24:1","OTHER","RP","QQQ","LowRes",0.520224297277732,FALSE
"YAA",17,"21","Cer 18:1;O2/24:1","SOP","RP","QQQ","LowRes",1.1235865950541724,TRUE
"YAA",18,"22","Cer 18:1;O2/24:1","SOP","RP","QQQ","LowRes",0.5432323031974376,FALSE
"YAA",19,"23","Cer 18:1;O2/24:1","SOP","RP","QQQ","LowRes",0.5914232361134385,FALSE
"YAA",20,"24","Cer 18:1;O2/24:1","SOP","RP","QQQ","LowRes",0.5430841644905344,FALSE
"YAA",21,"25","Cer 18:1;O2/24:1","SOP","RP","QQQ","LowRes",0.5292541800699082,FALSE
"YAA",22,"26a","Cer 18:1;O2/24:1","OTHER","FIA","Orbitrap","HighRes",0.5691436036162778,FALSE
"YAA",22,"26b","Cer 18:1;O2/24:1","OTHER","FIA","QQQ","LowRes",0.4671714715401527,FALSE
"YAA",23,"27","Cer 18:1;O2/24:1","SOP","RP","QQQ","LowRes",0.405680886138276,FALSE
"YAA",24,"28","Cer 18:1;O2/24:1","SOP","RP","QQQ","LowRes",0.6300900451891724,FALSE
"YAA",25,"29a","Cer 18:1;O2/24:1","SOP","RP","TOF","HighRes",0.523173284199951,FALSE
"YAA",25,"29b","Cer 18:1;O2/24:1","OTHER","SFC","QQQ","LowRes",0.7550009694263979,FALSE
"YAA",26,"30","Cer 18:1;O2/24:1","SOP","RP","QQQ","LowRes",0.6171075721319624,FALSE
"YAA",27,"31","Cer 18:1;O2/24:1","SOP","RP","QQQ","LowRes",0.5245698815607055,FALSE
"YAA",28,"32","Cer 18:1;O2/24:1","OTHER","RP","TOF","HighRes",0.7770137691564936,TRUE
"YAA",29,"33","Cer 18:1;O2/24:1","OTHER","RP","QQQ","LowRes",0.517338739138548,FALSE
"YAA",30,"34","Cer 18:1;O2/24:1","SOP","RP","QQQ","LowRes",0.4719930026400784,FALSE
"YAA",31,"35","Cer 18:1;O2/24:1","OTHER","RP","QQQ","LowRes",0.41209443723279493,FALSE
"YAA",32,"36","Cer 18:1;O2/24:1","SOP","RP","QQQ","LowRes",0.4460771588408219,FALSE
"YAA",33,"37","Cer 18:1;O2/24:1","OTHER","RP","QQQ","LowRes",0.5336895220898649,FALSE
"YAA",34,"38","Cer 18:1;O2/24:1","SOP","RP","QQQ","LowRes",0.12558303109637783,TRUE
